,appId
123,com.google.android.apps.adwords
165,jp.naver.line.android
172,com.tencent.mm
228,com.google.android.apps.classroom
312,com.google.android.apps.fitness
313,com.sec.android.app.shealth
418,com.waze
421,com.google.android.apps.mapslite
430,com.google.android.apps.navlite
507,com.google.android.apps.magazines
535,com.google.android.apps.kids.familylink
580,com.google.android.apps.photosgo
608,com.google.android.apps.tasks
683,com.dropbox.android
684,com.microsoft.skydrive
685,com.google.android.calculator
774,com.google.android.apps.accessibility.maui.actionblocks
870,com.google.android.apps.jam
980,com.google.android.apps.primer
1410,com.spotify.lite
128,com.jobtoday.app
763,no.nrk.yr
890,com.mobilityware.spider
997,game.puzzle.blockpuzzle
1000,net.peakgames.toonblast
1149,com.crossword.bible.cookies.find.english
1306,video.mojo
1480,com.genevachat.prod
1562,com.dxm.nopuzzle
1606,com.bitmango.rolltheballunrollme
1637,com.booking.hotelmanager
1693,com.brainium.solitairefree
1944,com.texode.securecard
160,com.google.android.apps.messaging
167,com.google.android.gm
174,com.google.android.apps.tachyon
234,com.google.android.videos
415,com.google.android.apps.maps
481,com.shaiban.audioplayer.mplayer
498,musicplayer.hdvideoplayer.backgroundmusic
678,com.google.android.googlequicksearchbox
679,com.android.chrome
682,com.google.android.apps.translate
739,glitchvideoeditor.videoeffects.glitchvideoeffect
1540,com.mxtech.videoplayer.ad
347,com.unity.dhome
348,com.roomflip.home.design.games.decor.decorate.makeover.mansion.style.covet.match3.dressup.fashion
355,com.holycowstudio.my.home.design.makeover.blast.house.games.toy.masters.decorate.mansion.toon.dream
358,com.fungi.houseflip
361,com.mintgames.match3.decorate.house.homedesign
365,com.design.interior.jewel.makeover.redecor.game
367,com.belkatechnologies.hh
370,com.cookapps.ff.luxurymatchsquare
1249,com.tapblaze.homecraft
1257,com.giraffegames.ggm3
1506,com.Protofun.Words
123,com.google.android.apps.adwords
312,com.google.android.apps.fitness
378,com.google.android.apps.books
535,com.google.android.apps.kids.familylink
605,com.google.android.calendar
681,com.google.android.apps.subscriptions.red
685,com.google.android.calculator
687,com.google.android.play.games
691,com.google.android.apps.googleassistant
1138,com.google.android.apps.docs.editors.docs
1667,com.google.android.keep
169,com.skype.raider
608,com.google.android.apps.tasks
756,com.accuweather.android
1470,com.twodoor.carcarrier
1605,com.amazon.mp3
1769,com.mapmywalk.android2
1998,com.ingka.ikea.app
2051,com.nhs.online.nhsonline
2095,com.discovery.dplay
164,com.google.android.contacts
234,com.google.android.videos
475,com.google.android.apps.youtube.music
580,com.google.android.apps.photosgo
605,com.google.android.calendar
614,fi.android.takealot
621,com.amazon.mShop.android.shopping
685,com.google.android.calculator
686,com.google.android.apps.searchlite
164,com.google.android.contacts
507,com.google.android.apps.magazines
605,com.google.android.calendar
681,com.google.android.apps.subscriptions.red
682,com.google.android.apps.translate
687,com.google.android.play.games
691,com.google.android.apps.googleassistant
988,com.miui.player
1353,com.miui.weather2
165,jp.naver.line.android
198,com.taggedapp
200,sg.omi
237,com.iqiyi.i18n
378,com.google.android.apps.books
505,flipboard.app
507,com.google.android.apps.magazines
607,com.evernote
695,com.tripadvisor.tripadvisor
312,com.google.android.apps.fitness
487,com.jetappfactory.jetaudio
572,com.teslacoilsw.launcher
580,com.google.android.apps.photosgo
608,com.google.android.apps.tasks
610,com.google.android.apps.docs.editors.slides
810,com.dragonscapes.global
1826,com.infinityvector.assolutoracing
913,com.slotslimited.goldencasino
917,com.huuuge.casino.slots
918,com.tw.tycoon.casino
923,com.productmadness.cashmancasino
926,com.grandegames.slots.dafu.casino
928,com.productmadness.hovmobile
932,slots.pcg.casino.games.free.android
942,com.ballytechnologies.f88
345,com.holycowstudio.myhomemakeoverdesigndreamsdecorate
358,com.fungi.houseflip
367,com.belkatechnologies.hh
1255,com.unity.dhmakeover
1256,com.note7g.Dreamhome
1506,com.Protofun.Words
1653,com.smartfunapps.newdeco
2032,com.bettelife.MyHouse
131,com.facebook.workchat
134,com.mailchimp.mailchimp
280,com.rammigsoftware.bluecoins
429,com.tomtom.gplay.navapp
1755,com.iconology.comics
1788,com.dualboot.apps.oceanfree
1880,com.exovoid.weather.app
1944,com.texode.securecard
266,com.paypal.android.p2pmobile
278,io.metamask
640,com.zhiliaoapp.musically.go
648,com.pinterest
658,tv.twitch.android.app
769,com.generagames.resistance
1296,com.havit.android
1422,com.miHoYo.GenshinImpact
494,com.rhmsoft.pulsar
762,aplicacion.tiempo
1274,net.osmand.plus
1286,media.mp3.audio.musicplayer
1362,com.weather.live.forecast.amwidget
1409,com.musixmatch.android.lyrify
1560,com.vmons.mediaplayer.music
167,com.google.android.gm
174,com.google.android.apps.tachyon
232,com.netflix.mediaclient
415,com.google.android.apps.maps
638,com.twitter.android
678,com.google.android.googlequicksearchbox
727,org.videolan.vlc
164,com.google.android.contacts
234,com.google.android.videos
507,com.google.android.apps.magazines
605,com.google.android.calendar
681,com.google.android.apps.subscriptions.red
691,com.google.android.apps.googleassistant
1667,com.google.android.keep
142,com.webcomics.manga
144,com.marvel.unlimited
378,com.google.android.apps.books
1183,grit.storytel.app
1754,com.wb.goog.dcuniverse
1758,com.kinky.fetlifestyle
1765,com.dramafever.shudder
142,com.webcomics.manga
143,mobi.mangatoon.comics.aphone
145,net.manta.comic
148,com.contentsfirst.tappytoon
152,com.toomics.global.google
156,com.lezhin.comics
1197,com.inkr.comics
264,com.google.android.apps.walletnfcrel
600,com.amazon.clouddrive.photos
605,com.google.android.calendar
681,com.google.android.apps.subscriptions.red
685,com.google.android.calculator
691,com.google.android.apps.googleassistant
1138,com.google.android.apps.docs.editors.docs
112,com.linkedin.android
421,com.google.android.apps.mapslite
430,com.google.android.apps.navlite
507,com.google.android.apps.magazines
535,com.google.android.apps.kids.familylink
699,com.trivago
1360,com.handmark.expressweather
345,com.holycowstudio.myhomemakeoverdesigndreamsdecorate
361,com.mintgames.match3.decorate.house.homedesign
763,no.nrk.yr
816,com.plarium.blast
1579,com.stone.mergedesign
1580,decoration.smartfunapps.com.deco
1731,com.disney.frozensaga_goo
123,com.google.android.apps.adwords
234,com.google.android.videos
522,jp.gocro.smartnews.android
605,com.google.android.calendar
608,com.google.android.apps.tasks
1752,com.yelp.android.biz
1934,com.tubitv
260,app.mywed.android
286,riatech.cocktails.drinks
510,com.readly.client
703,com.tripomatic
716,com.aita
861,com.perfectlyhappy.meditation
1002,com.rvappstudios.jigsaw.puzzles.kids
117,com.facebook.work
131,com.facebook.workchat
219,com.linkedin.android.learning
703,com.tripomatic
722,com.polarsteps
723,com.hopper.mountainview.play
1647,com.tencent.qqlivei18n
112,com.linkedin.android
134,com.mailchimp.mailchimp
171,com.google.android.apps.dynamite
482,com.soundcloud.android
507,com.google.android.apps.magazines
616,com.alibaba.intl.android.apps.poseidon
1140,com.mobisystems.office
164,com.google.android.contacts
233,com.google.android.apps.youtube.kids
605,com.google.android.calendar
677,share.sharekaro.pro
691,com.google.android.apps.googleassistant
976,com.rvappstudios.abc_kids_toddler_tracing_phonics
1667,com.google.android.keep
1125,smartowlapps.com.quiz360
1125,smartowlapps.com.quiz360
1450,com.erudite.trivia.brain.quiz.mind.game
1452,com.lotum.quizplanet
1452,com.lotum.quizplanet
1453,trivia.world
1454,com.memoria.quiz
110,com.whatsapp.w4b
160,com.google.android.apps.messaging
164,com.google.android.contacts
645,com.facebook.lite
648,com.pinterest
1646,com.sonyliv
22,jp.ne.ibis.ibispaintx.app
264,com.google.android.apps.walletnfcrel
312,com.google.android.apps.fitness
951,com.dp.hidden.objects
984,com.shazam.android
1414,com.king.blossomblast
112,com.linkedin.android
169,com.skype.raider
313,com.sec.android.app.shealth
575,com.touchtype.swiftkey
680,com.sec.android.app.sbrowser
684,com.microsoft.skydrive
94,com.dictionary
756,com.accuweather.android
781,com.ExiliumGames.Anima
782,online.limitless.appleknight.free
784,com.pixelbite.mutant
1421,com.delightgames.medievalfantasy
123,com.google.android.apps.adwords
318,com.runtastic.android
448,com.ada.app
610,com.google.android.apps.docs.editors.slides
653,com.vimeo.android.videoapp
1625,com.document.viewer.doc.reader
191,com.badoo.mobile
194,enterprises.dating.boo
312,com.google.android.apps.fitness
507,com.google.android.apps.magazines
610,com.google.android.apps.docs.editors.slides
1967,com.kamagames.roulettist
180,com.Slack
535,com.google.android.apps.kids.familylink
680,com.sec.android.app.sbrowser
689,org.mozilla.firefox
705,com.airbnb.android
1934,com.tubitv
164,com.google.android.contacts
165,jp.naver.line.android
605,com.google.android.calendar
691,com.google.android.apps.googleassistant
1625,com.document.viewer.doc.reader
1667,com.google.android.keep
162,org.telegram.messenger
175,com.truecaller
477,com.spotify.music
635,com.snapchat.android
1540,com.mxtech.videoplayer.ad
1543,com.playit.videoplayer
342,com.holycowstudio.homedesigndreams
355,com.holycowstudio.my.home.design.makeover.blast.house.games.toy.masters.decorate.mansion.toon.dream
369,com.tamalaki.homedesigner.makeover.blast
370,com.cookapps.ff.luxurymatchsquare
1131,com.sonypicturestelevision.millionaire
1257,com.giraffegames.ggm3
475,com.google.android.apps.youtube.music
482,com.soundcloud.android
483,com.apple.android.music
571,net.zedge.android
756,com.accuweather.android
1605,com.amazon.mp3
172,com.tencent.mm
416,com.sygic.aura
417,com.mapswithme.maps.pro
421,com.google.android.apps.mapslite
431,com.jvstudios.gpstracker
580,com.google.android.apps.photosgo
352,com.holycowstudio.design.my.home.makeover.word.life
355,com.holycowstudio.my.home.design.makeover.blast.house.games.toy.masters.decorate.mansion.toon.dream
357,com.holycowstudio.my.home.makeover.design.word.house.life
1146,com.fugo.wow
1251,com.cookapps.ff.luxuryinteriors
1570,com.theangrykraken.trivial
167,com.google.android.gm
415,com.google.android.apps.maps
585,com.picsart.studio
605,com.google.android.calendar
730,com.lemon.lvoverseas
1540,com.mxtech.videoplayer.ad
314,com.droidinfinity.healthplus
974,com.rvappstudios.math.kids.counting
1485,com.edokicademy.montessoriacademy
1485,com.edokicademy.montessoriacademy
1974,com.beauteprivee.store
2022,com.enuma.todomath
167,com.google.android.gm
234,com.google.android.videos
507,com.google.android.apps.magazines
605,com.google.android.calendar
687,com.google.android.play.games
691,com.google.android.apps.googleassistant
344,com.holycowstudio.my.design.home.makeover.word.house.life.games.mansion.decorate.decor.masters
355,com.holycowstudio.my.home.design.makeover.blast.house.games.toy.masters.decorate.mansion.toon.dream
361,com.mintgames.match3.decorate.house.homedesign
365,com.design.interior.jewel.makeover.redecor.game
367,com.belkatechnologies.hh
1253,com.ivmob.interior
757,com.accurate.weather.forecast.live
765,de.wetteronline.wetterapp
895,com.OPNeon.TCGCardTycoon
910,com.homecookedgames.dungeontales
1069,com.fluffyfairygames.idleminertycoon
1114,com.miniclip.plagueinc
176,com.facebook.orca
655,sg.bigo.live
678,com.google.android.googlequicksearchbox
687,com.google.android.play.games
1589,com.instagram.lite
1667,com.google.android.keep
435,com.voice.gps.driving.directions.gps.navigation.maps.location
605,com.google.android.calendar
621,com.amazon.mShop.android.shopping
638,com.twitter.android
681,com.google.android.apps.subscriptions.red
1138,com.google.android.apps.docs.editors.docs
894,com.direwolfdigital.Phoenix
1133,com.etermax.preguntados.pro
1389,com.tinytouchtales.cardcrawladventure
1555,com.asmodeedigital.onirim
1917,com.netease.yysbwp.gb
2006,com.Roxley.SantoriniGame
418,com.waze
492,com.musicplayer.playermusic
501,com.afmobi.boomplayer
641,com.reddit.frontpage
1357,com.aws.android
776,com.game.missioncrit
1066,com.zynga.FarmVille2CountryEscape
1111,com.plarium.vikings
1395,com.zynga.gotslots
1610,com.okg.theheavens
234,com.google.android.videos
605,com.google.android.calendar
624,com.nike.omega
660,com.myyearbook.m
681,com.google.android.apps.subscriptions.red
421,com.google.android.apps.mapslite
918,com.tw.tycoon.casino
920,com.diamondlife.slots.vegas.free
1394,com.williamsinteractive.goldfish
1859,epic.mychart.android
361,com.mintgames.match3.decorate.house.homedesign
369,com.tamalaki.homedesigner.makeover.blast
1255,com.unity.dhmakeover
1256,com.note7g.Dreamhome
1580,decoration.smartfunapps.com.deco
219,com.linkedin.android.learning
737,dn.video.player
1647,com.tencent.qqlivei18n
1821,com.mixvibes.remixlive
1996,com.joom
342,com.holycowstudio.homedesigndreams
351,flipthishouse.house.flipping.home.design.game
357,com.holycowstudio.my.home.makeover.design.word.house.life
369,com.tamalaki.homedesigner.makeover.blast
1253,com.ivmob.interior
168,us.zoom.videomeetings
173,com.google.android.apps.meetings
641,com.reddit.frontpage
686,com.google.android.apps.searchlite
1664,com.gaana
167,com.google.android.gm
415,com.google.android.apps.maps
645,com.facebook.lite
687,com.google.android.play.games
1321,com.ss.android.ugc.trill
342,com.holycowstudio.homedesigndreams
347,com.unity.dhome
355,com.holycowstudio.my.home.design.makeover.blast.house.games.toy.masters.decorate.mansion.toon.dream
361,com.mintgames.match3.decorate.house.homedesign
1256,com.note7g.Dreamhome
578,com.niksoftware.snapseed
770,com.ragequitgames.evillands
787,com.gameloft.android.ANMP.GloftHFHM
1086,com.nekki.vector
1606,com.bitmango.rolltheballunrollme
162,org.telegram.messenger
175,com.truecaller
176,com.facebook.orca
181,com.facebook.mlite
635,com.snapchat.android
314,com.droidinfinity.healthplus
320,com.androidapps.healthmanager
473,com.bm.android.thermometer
571,net.zedge.android
602,com.apalon.to.do.list
432,net.psyberia.offlinemaps
567,com.google.android.apps.wallpaper
979,org.brilliant.android
1363,co.windyapp.android
1518,com.microsoft.amp.apps.bingnews
112,com.linkedin.android
380,com.overdrive.mobile.android.libby
591,com.simplemobiletools.gallery
605,com.google.android.calendar
1667,com.google.android.keep
355,com.holycowstudio.my.home.design.makeover.blast.house.games.toy.masters.decorate.mansion.toon.dream
361,com.mintgames.match3.decorate.house.homedesign
370,com.cookapps.ff.luxurymatchsquare
1506,com.Protofun.Words
2032,com.bettelife.MyHouse
136,com.docusign.ink
600,com.amazon.clouddrive.photos
621,com.amazon.mShop.android.shopping
928,com.productmadness.hovmobile
1866,com.chase.sig.android
286,riatech.cocktails.drinks
447,org.osmosis.med
606,com.todoist
861,com.perfectlyhappy.meditation
1407,ru.yandex.music
168,us.zoom.videomeetings
680,com.sec.android.app.sbrowser
682,com.google.android.apps.translate
1141,com.microsoft.office.officehubrow
1212,com.instructure.candroid
361,com.mintgames.match3.decorate.house.homedesign
367,com.belkatechnologies.hh
816,com.plarium.blast
1254,com.myapp.sweethouse
1257,com.giraffegames.ggm3
900,com.mobilityware.Hearts
918,com.tw.tycoon.casino
1143,com.wordgame.words.connect
1398,com.nurigames.casinolive
1810,com.jackpot.lightning.slots.casino
421,com.google.android.apps.mapslite
430,com.google.android.apps.navlite
567,com.google.android.apps.wallpaper
580,com.google.android.apps.photosgo
685,com.google.android.calculator
354,com.supersolid.spark
358,com.fungi.houseflip
368,com.langqi.myshoppingmall
1180,com.mybogames.merge
1653,com.smartfunapps.newdeco
767,com.agent.action
775,com.time.trigger
784,com.pixelbite.mutant
840,com.istomgames.madbullets
963,com.playgendary.sportmasters
681,com.google.android.apps.subscriptions.red
691,com.google.android.apps.googleassistant
988,com.miui.player
1297,com.mi.android.globallauncher
1353,com.miui.weather2
168,us.zoom.videomeetings
216,com.okcupid.okcupid
261,com.eventbrite.attendee
756,com.accuweather.android
1141,com.microsoft.office.officehubrow
351,flipthishouse.house.flipping.home.design.game
361,com.mintgames.match3.decorate.house.homedesign
362,com.dreammoregames.makeover.myhome.scapes
1256,com.note7g.Dreamhome
1506,com.Protofun.Words
217,com.theinnercircle
947,com.headero.app
1201,com.redwolfama.peonylespark.gp
1573,com.etermax.triviasingleplayer
1758,com.kinky.fetlifestyle
348,com.roomflip.home.design.games.decor.decorate.makeover.mansion.style.covet.match3.dressup.fashion
1371,com.fourfats.blackmoor2
1382,wosylus.studios.tallesttree
1454,com.memoria.quiz
1455,com.msi.icongame
64,com.linecorp.b612.android
505,flipboard.app
507,com.google.android.apps.magazines
607,com.evernote
695,com.tripadvisor.tripadvisor
164,com.google.android.contacts
167,com.google.android.gm
681,com.google.android.apps.subscriptions.red
691,com.google.android.apps.googleassistant
1465,com.google.android.projection.gearhead
805,com.StudioWheel.Bard
814,games.dali.adventure.point.click.lucid.dream.witch.planet.riddle
894,com.direwolfdigital.Phoenix
910,com.homecookedgames.dungeontales
962,com.tojoy.magicrevenge
162,org.telegram.messenger
167,com.google.android.gm
432,net.psyberia.offlinemaps
692,com.kms.free
1301,com.b_lam.resplash
351,flipthishouse.house.flipping.home.design.game
358,com.fungi.houseflip
370,com.cookapps.ff.luxurymatchsquare
1254,com.myapp.sweethouse
1580,decoration.smartfunapps.com.deco
176,com.facebook.orca
187,com.myairtelapp
319,homeworkout.homeworkouts.noequipment
635,com.snapchat.android
1543,com.playit.videoplayer
925,com.playtika.caesarscasino
931,com.memoriki.fullhousecasino
1600,com.playstudios.popslots
1726,com.gamehouse.slingo
358,com.fungi.houseflip
366,com.storm8.propertybrothers
1151,com.zynga.words3
1726,com.gamehouse.slingo
605,com.google.android.calendar
662,video.like
691,com.google.android.apps.googleassistant
1088,com.firsttouchgames.smp
42,za.co.autotrader.android.app
235,com.showmax.app
486,com.sec.android.app.music
569,bitpit.launcher
344,com.holycowstudio.my.design.home.makeover.word.house.life.games.mansion.decorate.decor.masters
351,flipthishouse.house.flipping.home.design.game
355,com.holycowstudio.my.home.design.makeover.blast.house.games.toy.masters.decorate.mansion.toon.dream
370,com.cookapps.ff.luxurymatchsquare
918,com.tw.tycoon.casino
927,com.ddi
939,com.linkdesks.slotmachines
1813,com.winnersclub.empire88slots
42,za.co.autotrader.android.app
190,com.innovate.SouthAfricaSocial
504,com.newspaperdirect.pressreader.android
518,com.news24.ui.core
267,com.revolut.revolut
713,com.travelschat.free.travel.chat.singles
1538,com.worldpackers.travelers
1857,cz.seznam.mapy
213,net.lovoo.android
215,com.glambu
964,com.jaumo.casual
1207,com.waplogmatch.social
1036,com.lifesimulator.reloaded
1058,ata.kraken.singlecity
1414,com.king.blossomblast
1828,com.masomo.basketballarena
348,com.roomflip.home.design.games.decor.decorate.makeover.mansion.style.covet.match3.dressup.fashion
367,com.belkatechnologies.hh
792,com.epiczone.cyberfighters.stickman.shadow
853,com.rocket.sky.shooter
198,com.taggedapp
512,com.opera.app.news
610,com.google.android.apps.docs.editors.slides
685,com.google.android.calculator
1782,android.AbcApplication
1805,au.gov.bom.metview
2069,au.com.willyweather
2070,au.com.weatherzone.android.weatherzonefreeapp
580,com.google.android.apps.photosgo
684,com.microsoft.skydrive
1487,com.hbo.hbonow
1549,com.weather.Weather
422,com.maps.voice.navigation.traffic.gps.location.route.driving.directions
685,com.google.android.calculator
1081,com.miniclip.basketballstars
2008,com.topultragame.slotlasvega
191,com.badoo.mobile
206,com.pof.android
685,com.google.android.calculator
955,com.getpure.pure
347,com.unity.dhome
361,com.mintgames.match3.decorate.house.homedesign
370,com.cookapps.ff.luxurymatchsquare
1256,com.note7g.Dreamhome
913,com.slotslimited.goldencasino
940,com.tritonesoft.playlasvegas
1814,com.uphill.slot.classic
2010,com.stgame.slots.cash
355,com.holycowstudio.my.home.design.makeover.blast.house.games.toy.masters.decorate.mansion.toon.dream
357,com.holycowstudio.my.home.makeover.design.word.house.life
367,com.belkatechnologies.hh
1249,com.tapblaze.homecraft
362,com.dreammoregames.makeover.myhome.scapes
365,com.design.interior.jewel.makeover.redecor.game
1255,com.unity.dhmakeover
1256,com.note7g.Dreamhome
902,com.catdaddy.cat22
913,com.slotslimited.goldencasino
1600,com.playstudios.popslots
1810,com.jackpot.lightning.slots.casino
370,com.cookapps.ff.luxurymatchsquare
1254,com.myapp.sweethouse
1256,com.note7g.Dreamhome
1257,com.giraffegames.ggm3
171,com.google.android.apps.dynamite
324,com.mapmyfitness.android2
325,com.strava
756,com.accuweather.android
346,com.holycowstudio.my.home.design.makeover.luxury.interiors.word.dream.million.dollar.house.renovation
368,com.langqi.myshoppingmall
812,com.keeweed.pathofadventure
1253,com.ivmob.interior
691,com.google.android.apps.googleassistant
748,com.mine.videoplayer
1540,com.mxtech.videoplayer.ad
1543,com.playit.videoplayer
673,com.pixodust.games.free.idle.sports.city.tycoon.game
907,com.skytecgames.cardsheroes
962,com.tojoy.magicrevenge
1612,com.playkot.riverside
565,com.google.android.inputmethod.latin
682,com.google.android.apps.translate
686,com.google.android.apps.searchlite
691,com.google.android.apps.googleassistant
514,com.issuu.android.app
516,com.newspaperdirect.pressreader.android.hc
1189,com.facebook.adsmanager
1979,com.amazon.mShop.android.business.shopping
133,com.hubspot.android
236,com.microsoft.xboxone.smartglass
505,flipboard.app
1518,com.microsoft.amp.apps.bingnews
772,com.generamobile.ramboat
785,com.generagames.ramboat2.bestarcadeshooter
826,com.namcobandaigames.pacmantournaments
839,com.rocket.jackal.squad
353,in.loop.hdmakeover
361,com.mintgames.match3.decorate.house.homedesign
361,com.mintgames.match3.decorate.house.homedesign
369,com.tamalaki.homedesigner.makeover.blast
344,com.holycowstudio.my.design.home.makeover.word.house.life.games.mansion.decorate.decor.masters
346,com.holycowstudio.my.home.design.makeover.luxury.interiors.word.dream.million.dollar.house.renovation
357,com.holycowstudio.my.home.makeover.design.word.house.life
1506,com.Protofun.Words
697,com.showaround
950,dating.hookup.apps
1203,co.hud.app
1983,me.fup.joyapp
929,com.slotslot.slot
1557,com.maxbet.wondercashcasino
1814,com.uphill.slot.classic
2008,com.topultragame.slotlasvega
800,com.samfinaco.paradise
874,com.boardworld
1017,com.PeylahGames.WorldOfDirtRacing
1612,com.playkot.riverside
466,de.moodpath.android
586,com.unscripted.posing.app
897,com.mobilityware.freecell
1166,com.candybots.cars.trucks.kid.junior.learning
1097,com.ironhidegames.android.ironmarines
1098,com.zts.ageofstrategy
1106,com.worldwar2.strategygames.tacticsbattle
1949,com.worldwar2.strategygames.ww2.sd
355,com.holycowstudio.my.home.design.makeover.blast.house.games.toy.masters.decorate.mansion.toon.dream
370,com.cookapps.ff.luxurymatchsquare
1256,com.note7g.Dreamhome
1257,com.giraffegames.ggm3
790,com.gameloft.android.ANMP.GloftA3HM
1720,com.damiaostudio.CoinDozer3D
1919,com.productmadness.fafafagold
1941,com.sega.CrazyTaxiplayhaven
877,com.MonsterCouch.Wingspan
1745,com.meccabrands.app
1899,com.digibites.calendar
2024,au.net.abc.iview
70,net.booksy.customer
112,com.linkedin.android
600,com.amazon.clouddrive.photos
1907,com.expedia.bookings
234,com.google.android.videos
415,com.google.android.apps.maps
691,com.google.android.apps.googleassistant
1018,com.gameloft.android.ANMP.GloftAGHM
422,com.maps.voice.navigation.traffic.gps.location.route.driving.directions
925,com.playtika.caesarscasino
929,com.slotslot.slot
1600,com.playstudios.popslots
168,us.zoom.videomeetings
234,com.google.android.videos
378,com.google.android.apps.books
837,com.os.airforce
548,com.drillyapps.babydaybook
675,com.onepassword.android
1553,com.wizards.mtga
1789,com.beforesoft.launcher
111,com.facebook.pages.app
317,steptracker.healthandfitness.walkingtracker.pedometer
1807,com.gigantic.clawee
1820,com.amanotes.beathopper
1701,com.bigcasinoteam.slotsinca
1703,com.duksel.CrazyMonkeySlotsFREE
1704,com.hero.vegas.slots
1719,com.amzgslots.socialslots
1200,com.mason.wooplus
1204,urmytype.app
1393,com.snoutup.cardhog
1455,com.msi.icongame
578,com.niksoftware.snapseed
681,com.google.android.apps.subscriptions.red
685,com.google.android.calculator
687,com.google.android.play.games
112,com.linkedin.android
164,com.google.android.contacts
169,com.skype.raider
474,media.music.musicplayer
535,com.google.android.apps.kids.familylink
686,com.google.android.apps.searchlite
1213,com.viva.vivamax
1647,com.tencent.qqlivei18n
423,com.huawei.maps.app
431,com.jvstudios.gpstracker
1289,com.hiby.music
2001,com.roadtrippers
82,com.audible.application
141,com.naver.linewebtoon
483,com.apple.android.music
1528,com.shopify.arrive
34,com.autolauncher.motorcar.free
1168,com.zenthek.autozen
1355,com.weawow
1631,spinninghead.carhome
1047,de.mobilebits.soulcraftdefault
1380,air.com.gameever.juanitoarcade
1685,com.oneup.pirate.ship.arcade.platform.game.free
2004,ca.hyperhippo.adventureages
167,com.google.android.gm
264,com.google.android.apps.walletnfcrel
415,com.google.android.apps.maps
585,com.picsart.studio
174,com.google.android.apps.tachyon
234,com.google.android.videos
1138,com.google.android.apps.docs.editors.docs
1465,com.google.android.projection.gearhead
810,com.dragonscapes.global
846,games.vaveda.pinball
1007,com.Seriously.BestFiends
1820,com.amanotes.beathopper
167,com.google.android.gm
169,com.skype.raider
313,com.sec.android.app.shealth
680,com.sec.android.app.sbrowser
174,com.google.android.apps.tachyon
187,com.myairtelapp
642,com.facebook.katana
678,com.google.android.googlequicksearchbox
110,com.whatsapp.w4b
164,com.google.android.contacts
176,com.facebook.orca
645,com.facebook.lite
241,com.plexapp.android
1384,com.carromgame.friends.boardvoicelive
1693,com.brainium.solitairefree
1871,media.music.mp3player.musicplayer
34,com.autolauncher.motorcar.free
471,com.medscape.android
574,ginlemon.flowerfree
1560,com.vmons.mediaplayer.music
656,ru.ok.android
870,com.google.android.apps.jam
888,com.cardsapp.android
1785,com.microsoft.familysafety
168,us.zoom.videomeetings
173,com.google.android.apps.meetings
648,com.pinterest
796,com.noodlecake.altosadventure
681,com.google.android.apps.subscriptions.red
691,com.google.android.apps.googleassistant
988,com.miui.player
1353,com.miui.weather2
681,com.google.android.apps.subscriptions.red
691,com.google.android.apps.googleassistant
988,com.miui.player
1353,com.miui.weather2
433,com.bodunov.galileo
437,menion.android.locus
1615,com.alexanderwinn.TerraGenesis
2002,be.irm.kmi.meteo
993,com.zimad.puzzle.villa.jigsaw
1253,com.ivmob.interior
1458,com.marulgames.wordsurf
1951,com.chippymediallc.word.nut.android
365,com.design.interior.jewel.makeover.redecor.game
1254,com.myapp.sweethouse
1256,com.note7g.Dreamhome
2032,com.bettelife.MyHouse
80,com.amazon.kindle
421,com.google.android.apps.mapslite
507,com.google.android.apps.magazines
685,com.google.android.calculator
885,com.tinytouchtales.cardthief
1386,com.tinytouchtales.cardcrawl
1388,air.com.cardsandcastles.game
1555,com.asmodeedigital.onirim
21,fr.moblo
363,fr.anuman.HomeDesign3D
843,com.sega.goldenaxe
1213,com.viva.vivamax
161,org.thoughtcrime.securesms
1385,com.northstargames.oceans
1407,ru.yandex.music
1581,ru.yandex.yandexmaps
671,com.yahoo.mobile.client.android.sportacular
685,com.google.android.calculator
893,com.mobilityware.solitaire
1412,puzzle.blockpuzzle.cube.relax
167,com.google.android.gm
174,com.google.android.apps.tachyon
183,com.imo.android.imoim
988,com.miui.player
781,com.ExiliumGames.Anima
813,com.kongregate.mobile.adventurecommunist.google
839,com.rocket.jackal.squad
1426,com.aldagames.polygonfantasy
22,jp.ne.ibis.ibispaintx.app
682,com.google.android.apps.translate
687,com.google.android.play.games
1541,com.alightcreative.motion
167,com.google.android.gm
621,com.amazon.mShop.android.shopping
1667,com.google.android.keep
1866,com.chase.sig.android
1101,com.hc.strategy.tactics.ww2.world.war.two
1119,com.bytro.callofwar1942
1120,com.herocraft.game.free.armorage
215,com.glambu
1173,ch.autoscout24.autoscout24
1632,com.autoscout24
771,game.rpg.action.cyber
777,com.badflyinteractive.deadeffect2
1369,com.madfingergames.legends
36,com.andromo.dev420527.app606734
48,com.dictionary.auto.partsauto.eng.free
1932,com.andromo.dev498527.app570067
36,com.andromo.dev420527.app606734
44,com.monolit.carstructure
48,com.dictionary.auto.partsauto.eng.free
346,com.holycowstudio.my.home.design.makeover.luxury.interiors.word.dream.million.dollar.house.renovation
485,com.musicplayer.player.mp3player.white
1251,com.cookapps.ff.luxuryinteriors
480,deezer.android.app
1558,com.gsn.android.casino
1906,com.gamepass
806,com.gamegos.adventure.bay.paradise.farm
809,air.com.pixelfederation.diggy
1612,com.playkot.riverside
1390,it.sharklab.rogueadventure
2057,net.sarasarasa.lifeup
2060,au.com.catchoftheday.android
355,com.holycowstudio.my.home.design.makeover.blast.house.games.toy.masters.decorate.mansion.toon.dream
370,com.cookapps.ff.luxurymatchsquare
1249,com.tapblaze.homecraft
487,com.jetappfactory.jetaudio
494,com.rhmsoft.pulsar
681,com.google.android.apps.subscriptions.red
421,com.google.android.apps.mapslite
430,com.google.android.apps.navlite
685,com.google.android.calculator
800,com.samfinaco.paradise
817,com.vizorapps.klondike
1395,com.zynga.gotslots
156,com.lezhin.comics
159,com.lalatoon.android
1747,com.initialcoms.ridi
781,com.ExiliumGames.Anima
792,com.epiczone.cyberfighters.stickman.shadow
1427,com.GearStudio.AlmoraDarkosen
178,com.viber.voip
937,com.ballytechnologies.quickhitslots
1394,com.williamsinteractive.goldfish
592,com.linecorp.foodcam.android
597,com.adobe.photoshopmix
870,com.google.android.apps.jam
816,com.plarium.blast
961,com.playgendary.polyspherecoolgame
2085,com.pivotgames.witchcatmatch3puzzle.gp
897,com.mobilityware.freecell
1001,dk.tactile.lilysgarden
2086,com.kiragames.unblockmefree
1102,com.strategy.war.ww2.glory.tactics
1109,com.european.war.conqueror.napoleon
1949,com.worldwar2.strategygames.ww2.sd
165,jp.naver.line.android
501,com.afmobi.boomplayer
638,com.twitter.android
257,com.seatgeek.android
1533,com.handmark.sportcaster
1799,com.dazn
1010,com.ea.games.r3_row
1011,com.ea.game.nfs14_row
1018,com.gameloft.android.ANMP.GloftAGHM
384,org.jw.jwlibrary.mobile
1051,pl.codejungle.simplestrpg.online
1069,com.fluffyfairygames.idleminertycoon
847,com.outofthebit.superarcaderacing
875,cat.minkusoft.jocstauler
1427,com.GearStudio.AlmoraDarkosen
1255,com.unity.dhmakeover
1257,com.giraffegames.ggm3
1411,com.supersolid.cookandmerge
1019,com.creativemobile.nno
1614,com.ubisoft.hungrysharkworld
1826,com.infinityvector.assolutoracing
103,com.leifhacks.shared_library_app
222,com.homer.sesame
514,com.issuu.android.app
579,com.adobe.psmobile
1140,com.mobisystems.office
1352,com.olimsoft.android.oplayer
806,com.gamegos.adventure.bay.paradise.farm
815,com.gameloft.android.ANMP.GloftIVHM
824,com.theguligames.landsofadventure
938,com.williamsinteractive.hotshotcasino
941,com.RocketGames.ClassicSlots
1969,com.casino.mirror.slots.fortune
345,com.holycowstudio.myhomemakeoverdesigndreamsdecorate
365,com.design.interior.jewel.makeover.redecor.game
1256,com.note7g.Dreamhome
745,tv.fipe.fplayer
1287,io.stellio.music
1515,code.name.monkey.retromusic
421,com.google.android.apps.mapslite
684,com.microsoft.skydrive
1314,com.shopee.vn
1782,android.AbcApplication
1805,au.gov.bom.metview
2024,au.net.abc.iview
234,com.google.android.videos
687,com.google.android.play.games
984,com.shazam.android
672,com.scores365
1015,com.gameloft.android.ANMP.GloftA9HM
2075,com.robtopx.geometryjump
723,com.hopper.mountainview.play
1081,com.miniclip.basketballstars
1908,com.rocks.music.videoplayer
148,com.contentsfirst.tappytoon
150,io.comico
159,com.lalatoon.android
345,com.holycowstudio.myhomemakeoverdesigndreamsdecorate
362,com.dreammoregames.makeover.myhome.scapes
1251,com.cookapps.ff.luxuryinteriors
415,com.google.android.apps.maps
679,com.android.chrome
1667,com.google.android.keep
622,com.contextlogic.wish
1885,com.wordfarm.scapes
1968,de.whow.jackpot
512,com.opera.app.news
1050,com.bethsoft.blade
1443,com.tetrox.bowl
512,com.opera.app.news
530,ma.safe.bn
1157,com.TinyBit.GameOfWords
962,com.tojoy.magicrevenge
1387,me.dream.lophisroguelikepro
1424,com.neowizgames.game.browndust.srpg.global
247,com.ticketmaster.tickets.international
763,no.nrk.yr
888,com.cardsapp.android
928,com.productmadness.hovmobile
1593,com.apalon.weatherlive.free
2009,com.hoppincash.casino.slots
345,com.holycowstudio.myhomemakeoverdesigndreamsdecorate
357,com.holycowstudio.my.home.makeover.design.word.house.life
1256,com.note7g.Dreamhome
622,com.contextlogic.wish
1147,com.platinumplayer.word.addict
1715,com.MegaBingoSlots.LuckyCashGame.MakeBigMoney.SlotsCash
247,com.ticketmaster.tickets.international
341,je.fit
708,com.getyourguide.android
430,com.google.android.apps.navlite
1138,com.google.android.apps.docs.editors.docs
1667,com.google.android.keep
171,com.google.android.apps.dynamite
1487,com.hbo.hbonow
1937,com.maps.plus
234,com.google.android.videos
495,mymusic.offlinemusicplayer.mp3player.playmusic
689,org.mozilla.firefox
344,com.holycowstudio.my.design.home.makeover.word.house.life.games.mansion.decorate.decor.masters
871,com.samsung.android.homemode
1255,com.unity.dhmakeover
136,com.docusign.ink
646,com.zhiliaoapp.musically
1360,com.handmark.expressweather
777,com.badflyinteractive.deadeffect2
843,com.sega.goldenaxe
1517,com.checkitt
743,videoplayer.mediaplayer.hdplayer
745,tv.fipe.fplayer
753,com.rz.night.player
345,com.holycowstudio.myhomemakeoverdesigndreamsdecorate
352,com.holycowstudio.design.my.home.makeover.word.life
1253,com.ivmob.interior
533,smart.news.world
981,no.mobitroll.kahoot.android
2061,com.woolworths.bigw.shop.android
345,com.holycowstudio.myhomemakeoverdesigndreamsdecorate
1249,com.tapblaze.homecraft
1255,com.unity.dhmakeover
368,com.langqi.myshoppingmall
992,com.jellybtn.mergestories
1036,com.lifesimulator.reloaded
167,com.google.android.gm
174,com.google.android.apps.tachyon
415,com.google.android.apps.maps
791,com.feelinggame.everyheroaction
839,com.rocket.jackal.squad
1370,com.hunt.royale
216,com.okcupid.okcupid
219,com.linkedin.android.learning
1637,com.booking.hotelmanager
800,com.samfinaco.paradise
1435,com.HyperBeardGames.MyDearFarm
2004,ca.hyperhippo.adventureages
345,com.holycowstudio.myhomemakeoverdesigndreamsdecorate
346,com.holycowstudio.my.home.design.makeover.luxury.interiors.word.dream.million.dollar.house.renovation
357,com.holycowstudio.my.home.makeover.design.word.house.life
216,com.okcupid.okcupid
660,com.myyearbook.m
1639,com.hi5.app
137,com.paypal.merchant.client
234,com.google.android.videos
685,com.google.android.calculator
535,com.google.android.apps.kids.familylink
680,com.sec.android.app.sbrowser
756,com.accuweather.android
36,com.andromo.dev420527.app606734
1467,com.johnmarin.manualesautos
1932,com.andromo.dev498527.app570067
846,games.vaveda.pinball
933,com.productmadness.lightninglink
1470,com.twodoor.carcarrier
135,tr.gov.turkiye.edevlet.kapisi
993,com.zimad.puzzle.villa.jigsaw
1006,com.veraxen.jigsaw
135,tr.gov.turkiye.edevlet.kapisi
651,org.buffer.android
1911,wangdaye.com.geometricweather
345,com.holycowstudio.myhomemakeoverdesigndreamsdecorate
351,flipthishouse.house.flipping.home.design.game
355,com.holycowstudio.my.home.design.makeover.blast.house.games.toy.masters.decorate.mansion.toon.dream
423,com.huawei.maps.app
438,com.tomtom.speedcams.android.map
1071,com.ea.games.simsfreeplay_row
743,videoplayer.mediaplayer.hdplayer
745,tv.fipe.fplayer
753,com.rz.night.player
30,altergames.carlauncher
1162,com.softartstudio.carwebguru
1167,com.formacar.android
117,com.facebook.work
131,com.facebook.workchat
1731,com.disney.frozensaga_goo
257,com.seatgeek.android
261,com.eventbrite.attendee
756,com.accuweather.android
574,ginlemon.flowerfree
743,videoplayer.mediaplayer.hdplayer
1000,net.peakgames.toonblast
171,com.google.android.apps.dynamite
207,com.besalt.app
312,com.google.android.apps.fitness
425,com.mapfactor.navigator
427,com.generalmagic.magicearth
1343,kr.aboy.tools2
278,io.metamask
605,com.google.android.calendar
986,com.easybrain.make.music
169,com.skype.raider
507,com.google.android.apps.magazines
681,com.google.android.apps.subscriptions.red
352,com.holycowstudio.design.my.home.makeover.word.life
355,com.holycowstudio.my.home.design.makeover.blast.house.games.toy.masters.decorate.mansion.toon.dream
2085,com.pivotgames.witchcatmatch3puzzle.gp
915,com.huge.slots.casino.vegas.android.avidly
1599,slots.hot.vegas.casino.games.free
2008,com.topultragame.slotlasvega
64,com.linecorp.b612.android
576,photo.editor.photoeditor.photoeditorpro
577,com.adobe.lrmobile
366,com.storm8.propertybrothers
821,com.sphinxjoy.ing018.gp
824,com.theguligames.landsofadventure
443,com.mapzonestudio.gps.navigation.live.map.voice.translator
497,audio.effect.music.equalizer.musicplayer
610,com.google.android.apps.docs.editors.slides
642,com.facebook.katana
1000,net.peakgames.toonblast
1004,com.king.candycrushsaga
348,com.roomflip.home.design.games.decor.decorate.makeover.mansion.style.covet.match3.dressup.fashion
355,com.holycowstudio.my.home.design.makeover.blast.house.games.toy.masters.decorate.mansion.toon.dream
1256,com.note7g.Dreamhome
869,com.ulkagames.boardgames
903,edu.cornell.gdiac.underhand
1435,com.HyperBeardGames.MyDearFarm
367,com.belkatechnologies.hh
368,com.langqi.myshoppingmall
1256,com.note7g.Dreamhome
905,jp.konami.duellinks
1068,es.socialpoint.MonsterLegends
1550,com.gameinsight.gobandroid
119,com.amazon.sellermobile.android
128,com.jobtoday.app
1649,com.main.gopuff
577,com.adobe.lrmobile
578,com.niksoftware.snapseed
579,com.adobe.psmobile
1110,com.zillionwhales.mushroomwars2
1204,urmytype.app
1424,com.neowizgames.game.browndust.srpg.global
1879,com.apalon.weatherlive
1911,wangdaye.com.geometricweather
2003,aplicacionpago.tiempo
207,com.besalt.app
207,com.besalt.app
1795,nz.co.sparksport
1124,com.trivia.star.android
1154,com.pieyel.scrabble
1764,com.amcplus.amcfullepisodes
441,com.gpsnavigation.maps.gpsroutefinder.routemap
607,com.evernote
1203,co.hud.app
228,com.google.android.apps.classroom
624,com.nike.omega
666,com.espn.score_center
367,com.belkatechnologies.hh
370,com.cookapps.ff.luxurymatchsquare
2085,com.pivotgames.witchcatmatch3puzzle.gp
208,com.evermatch
1167,com.formacar.android
1982,com.pinkapp
166,com.whatsapp
176,com.facebook.orca
642,com.facebook.katana
185,com.turkcell.bip
420,net.osmand
1581,ru.yandex.yandexmaps
271,com.monefy.app.lite
276,com.bookmark.money
350,com.houzz.app
147,com.darkhorse.digital
903,edu.cornell.gdiac.underhand
1343,kr.aboy.tools2
1242,com.lge.lifetracker
1940,com.herocraft.game.hyperforma.cyber.hack.arcade
1943,com.github.devnied.emvnfccard
505,flipboard.app
854,com.gameloft.android.ANMP.GloftGLCL
1920,uk.co.bbc.learningenglish
65,app.foryou
1181,com.trove
1361,com.airvisual
687,com.google.android.play.games
1159,com.bytestorm.artflow
1595,com.tgc.sky.android
505,flipboard.app
621,com.amazon.mShop.android.shopping
638,com.twitter.android
1125,smartowlapps.com.quiz360
1452,com.lotum.quizplanet
1571,com.etermax.triviagameshow
147,com.darkhorse.digital
603,com.apps.adrcotfas.goodtime
1301,com.b_lam.resplash
507,com.google.android.apps.magazines
1357,com.aws.android
1558,com.gsn.android.casino
885,com.tinytouchtales.cardthief
1389,com.tinytouchtales.cardcrawladventure
1393,com.snoutup.cardhog
149,com.tapastic
1220,com.megogo.application
1515,code.name.monkey.retromusic
802,games.dali.adventure.reborn
1597,com.gameone.arcadebowlinggo2
1911,wangdaye.com.geometricweather
352,com.holycowstudio.design.my.home.makeover.word.life
357,com.holycowstudio.my.home.makeover.design.word.house.life
1251,com.cookapps.ff.luxuryinteriors
213,net.lovoo.android
354,com.supersolid.spark
1049,com.lockwoodpublishing.avakinlife
1040,com.king.knightsrage
1391,com.noxplay.card.crushers.ccg
2004,ca.hyperhippo.adventureages
727,org.videolan.vlc
1750,au.com.auspost.android
2024,au.net.abc.iview
671,com.yahoo.mobile.client.android.sportacular
1156,best.word.connect.search.free.offline.puzzle.word.games.world
1458,com.marulgames.wordsurf
422,com.maps.voice.navigation.traffic.gps.location.route.driving.directions
429,com.tomtom.gplay.navapp
431,com.jvstudios.gpstracker
166,com.whatsapp
635,com.snapchat.android
640,com.zhiliaoapp.musically.go
94,com.dictionary
1357,com.aws.android
1533,com.handmark.sportcaster
166,com.whatsapp
177,com.microsoft.office.outlook
635,com.snapchat.android
526,com.nytimes.android
873,com.mlab.visiongoal
1782,android.AbcApplication
431,com.jvstudios.gpstracker
1275,com.navitel
1355,com.weawow
352,com.holycowstudio.design.my.home.makeover.word.life
357,com.holycowstudio.my.home.makeover.design.word.house.life
1256,com.note7g.Dreamhome
507,com.google.android.apps.magazines
519,com.cnn.mobile.android.phone
1585,bbc.mobile.news.ww
278,io.metamask
540,org.findmykids.app
1435,com.HyperBeardGames.MyDearFarm
529,com.ft.news
1333,com.gc.teammanager
1584,com.immediatemedia.bbchistorymag
16,com.codeway.wonder
895,com.OPNeon.TCGCardTycoon
1739,com.starryai
137,com.paypal.merchant.client
421,com.google.android.apps.mapslite
430,com.google.android.apps.navlite
1358,ru.yandex.weatherplugin
1407,ru.yandex.music
1581,ru.yandex.yandexmaps
1152,com.lydia.wordsgame.word.talent
1153,com.wordpz.word.blocken
1463,com.tangramgames.gourddoll.wordcrush
32,com.futureband.cars
33,com.gydala.allcars
56,bronjham.autodb
929,com.slotslot.slot
940,com.tritonesoft.playlasvegas
1557,com.maxbet.wondercashcasino
129,com.glassdoor.app
137,com.paypal.merchant.client
1785,com.microsoft.familysafety
350,com.houzz.app
610,com.google.android.apps.docs.editors.slides
1533,com.handmark.sportcaster
167,com.google.android.gm
645,com.facebook.lite
678,com.google.android.googlequicksearchbox
32,com.futureband.cars
378,com.google.android.apps.books
446,com.soft24hours.directorys.medical.diseasemulti.free
32,com.futureband.cars
38,air.LearnCarsNamesEnglish
47,com.premiumsoftware.vehiclesandcars
1557,com.maxbet.wondercashcasino
1704,com.hero.vegas.slots
1969,com.casino.mirror.slots.fortune
1359,com.devexpert.weather
1568,com.naturalmotion.csrclassics
1879,com.apalon.weatherlive
347,com.unity.dhome
1255,com.unity.dhmakeover
1256,com.note7g.Dreamhome
167,com.google.android.gm
679,com.android.chrome
1138,com.google.android.apps.docs.editors.docs
209,com.u2opia.woo
943,co.lucky.hookup
1759,com.free.hookup.dating.apps.wild
917,com.huuuge.casino.slots
941,com.RocketGames.ClassicSlots
1600,com.playstudios.popslots
1458,com.marulgames.wordsurf
1458,com.marulgames.wordsurf
1463,com.tangramgames.gourddoll.wordcrush
780,com.gameloft.android.ANMP.Gloft5DHM
792,com.epiczone.cyberfighters.stickman.shadow
1427,com.GearStudio.AlmoraDarkosen
886,com.Nightingale.Solitaire.Card.Games.Free
997,game.puzzle.blockpuzzle
1563,com.blockpuzzle.jewel.diamond
800,com.samfinaco.paradise
820,com.volka.taonga
1064,com.melesta.coffeeshop
347,com.unity.dhome
355,com.holycowstudio.my.home.design.makeover.blast.house.games.toy.masters.decorate.mansion.toon.dream
1256,com.note7g.Dreamhome
853,com.rocket.sky.shooter
1380,air.com.gameever.juanitoarcade
2007,com.phonato.casino.slots.vegas.free.game
169,com.skype.raider
171,com.google.android.apps.dynamite
682,com.google.android.apps.translate
507,com.google.android.apps.magazines
573,com.transsion.XOSLauncher
605,com.google.android.calendar
903,edu.cornell.gdiac.underhand
1100,com.ndemiccreations.rebelinc
1555,com.asmodeedigital.onirim
1135,com.microsoft.office.word
1456,com.microsoft.office.excel
1935,com.amazon.avod.thirdpartyclient
801,com.renderedideas.jungleadventures3
1393,com.snoutup.cardhog
1823,com.bigduckgames.flow
507,com.google.android.apps.magazines
681,com.google.android.apps.subscriptions.red
691,com.google.android.apps.googleassistant
553,ua.com.tim_berners.parental_control
738,com.vimeocreate.videoeditor.moviemaker
1785,com.microsoft.familysafety
1059,com.tencent.dressup
1180,com.mybogames.merge
1612,com.playkot.riverside
977,com.microblink.photomath
1074,com.nintendo.zaca
1816,com.yodo1.crossyroad
136,com.docusign.ink
266,com.paypal.android.p2pmobile
422,com.maps.voice.navigation.traffic.gps.location.route.driving.directions
689,org.mozilla.firefox
984,com.shazam.android
1107,com.geargames.aow
423,com.huawei.maps.app
606,com.todoist
720,com.arrivinginhighheels.visited
367,com.belkatechnologies.hh
1253,com.ivmob.interior
1256,com.note7g.Dreamhome
528,it.pinenuts.rassegnastampa
1516,co.squidapp.squid
1583,com.tachanfil.uknewspapers
579,com.adobe.psmobile
1823,com.bigduckgames.flow
2082,com.magix.android.mmjam
353,in.loop.hdmakeover
366,com.storm8.propertybrothers
1625,com.document.viewer.doc.reader
325,com.strava
332,com.cardiogram.v1
608,com.google.android.apps.tasks
183,com.imo.android.imoim
312,com.google.android.apps.fitness
415,com.google.android.apps.maps
95,com.aldiko.android
531,com.devhd.feedly
1365,mobi.lockdown.weather
206,com.pof.android
208,com.evermatch
943,co.lucky.hookup
325,com.strava
608,com.google.android.apps.tasks
888,com.cardsapp.android
821,com.sphinxjoy.ing018.gp
1253,com.ivmob.interior
1411,com.supersolid.cookandmerge
368,com.langqi.myshoppingmall
371,com.decor.life
818,com.dream.dale
929,com.slotslot.slot
1286,media.mp3.audio.musicplayer
1946,com.naturalmotion.csrracing
414,com.seachangedigital.quiverus
1063,com.sgs.emhq.android
1949,com.worldwar2.strategygames.ww2.sd
1302,com.tombayley.miui
1517,com.checkitt
1755,com.iconology.comics
234,com.google.android.videos
480,deezer.android.app
1274,net.osmand.plus
177,com.microsoft.office.outlook
180,com.Slack
1141,com.microsoft.office.officehubrow
112,com.linkedin.android
313,com.sec.android.app.shealth
418,com.waze
416,com.sygic.aura
426,com.kartatech.karta.gps
1858,com.viamichelin.android.viamichelinmobile
943,co.lucky.hookup
1203,co.hud.app
1759,com.free.hookup.dating.apps.wild
475,com.google.android.apps.youtube.music
681,com.google.android.apps.subscriptions.red
988,com.miui.player
776,com.game.missioncrit
841,com.hikergames.ArcadeHunter
1387,me.dream.lophisroguelikepro
378,com.google.android.apps.books
674,com.pcmehanik.smarttoolbox
1823,com.bigduckgames.flow
807,games.dali.adventure.neighborhood.unholy
885,com.tinytouchtales.cardthief
1036,com.lifesimulator.reloaded
141,com.naver.linewebtoon
1667,com.google.android.keep
1873,com.tombayley.volumepanel
342,com.holycowstudio.homedesigndreams
346,com.holycowstudio.my.home.design.makeover.luxury.interiors.word.dream.million.dollar.house.renovation
353,in.loop.hdmakeover
219,com.linkedin.android.learning
1208,org.khanacademy.android
2082,com.magix.android.mmjam
162,org.telegram.messenger
1348,com.nexstreaming.app.kinemasterfree
1540,com.mxtech.videoplayer.ad
467,au.com.hotdoc.android.hotdoc
2064,au.com.kayosports
2069,au.com.willyweather
571,net.zedge.android
1016,com.hutchgames.rebelracing
1617,com.supercell.hayday
842,com.bigbluebubble.HOME
844,com.mameemulator.arcade2002
849,com.seleuco.mame4droid
610,com.google.android.apps.docs.editors.slides
774,com.google.android.apps.accessibility.maui.actionblocks
870,com.google.android.apps.jam
361,com.mintgames.match3.decorate.house.homedesign
367,com.belkatechnologies.hh
1401,com.nevosoft.mylittleplanet
925,com.playtika.caesarscasino
1813,com.winnersclub.empire88slots
2009,com.hoppincash.casino.slots
842,com.bigbluebubble.HOME
844,com.mameemulator.arcade2002
849,com.seleuco.mame4droid
162,org.telegram.messenger
642,com.facebook.katana
1644,com.a10minuteschool.tenminuteschool
753,com.rz.night.player
1911,wangdaye.com.geometricweather
1912,sg.gov.nea
242,com.eventsair.attendeeapp
1463,com.tangramgames.gourddoll.wordcrush
1987,fit.sugar.android
468,ru.getpharma.eapteka
1445,com.bytro.supremacy1.thegreatwar
1445,com.bytro.supremacy1.thegreatwar
142,com.webcomics.manga
145,net.manta.comic
154,jp.co.shueisha.mangaplus
219,com.linkedin.android.learning
567,com.google.android.apps.wallpaper
1796,com.espn.fantasy.lm.football
419,com.here.app.maps
985,com.google.android.youtube.tvmusic
989,com.spotify.tv.android
123,com.google.android.apps.adwords
483,com.apple.android.music
683,com.dropbox.android
899,beetles.puzzle.solitaire
1129,com.fun.feud.trivia.android
1487,com.hbo.hbonow
1308,com.habitrpg.android.habitica
1753,com.marvel.comics
1898,com.alt.goodmorning
808,com.farmadventure.global
817,com.vizorapps.klondike
1375,com.nuts.atw.android.googleplay
200,sg.omi
1010,com.ea.games.r3_row
1908,com.rocks.music.videoplayer
362,com.dreammoregames.makeover.myhome.scapes
816,com.plarium.blast
993,com.zimad.puzzle.villa.jigsaw
73,photo.beauty.sticker.ar.camera
490,com.simplemobiletools.musicplayer
680,com.sec.android.app.sbrowser
343,com.crowdstar.covetHome
917,com.huuuge.casino.slots
1127,com.daily.bible.trivia.android
176,com.facebook.orca
564,com.google.android.apps.photos
727,org.videolan.vlc
426,com.kartatech.karta.gps
433,com.bodunov.galileo
591,com.simplemobiletools.gallery
342,com.holycowstudio.homedesigndreams
344,com.holycowstudio.my.design.home.makeover.word.house.life.games.mansion.decorate.decor.masters
346,com.holycowstudio.my.home.design.makeover.luxury.interiors.word.dream.million.dollar.house.renovation
378,com.google.android.apps.books
384,org.jw.jwlibrary.mobile
567,com.google.android.apps.wallpaper
416,com.sygic.aura
423,com.huawei.maps.app
425,com.mapfactor.navigator
361,com.mintgames.match3.decorate.house.homedesign
1129,com.fun.feud.trivia.android
1572,trivia.master.question.quiz.answer.crack.star.millionaire.free.knowledge
496,in.krosbits.musicolet
693,com.microsoft.translator
1858,com.viamichelin.android.viamichelinmobile
199,com.coffeemeetsbagel
211,co.feeld
1821,com.mixvibes.remixlive
1129,com.fun.feud.trivia.android
1151,com.zynga.words3
1521,com.bitstrips.imoji
572,com.teslacoilsw.launcher
573,com.transsion.XOSLauncher
1304,com.transsion.hilauncher
532,com.thomsonreuters.reuters
567,com.google.android.apps.wallpaper
1221,tv.arte.plus7
342,com.holycowstudio.homedesigndreams
345,com.holycowstudio.myhomemakeoverdesigndreamsdecorate
1249,com.tapblaze.homecraft
797,com.kongregate.mobile.adventurecapitalist.google
952,com.loongcheer.larkv.adelamyth
1561,com.smallgiantgames.empires
428,ru.dublgis.dgismobile
689,org.mozilla.firefox
1875,mega.privacy.android.app
433,com.bodunov.galileo
708,com.getyourguide.android
1877,com.livingearth.pro
361,com.mintgames.match3.decorate.house.homedesign
1254,com.myapp.sweethouse
1256,com.note7g.Dreamhome
361,com.mintgames.match3.decorate.house.homedesign
370,com.cookapps.ff.luxurymatchsquare
1257,com.giraffegames.ggm3
172,com.tencent.mm
573,com.transsion.XOSLauncher
580,com.google.android.apps.photosgo
427,com.generalmagic.magicearth
741,org.courville.nova
1592,com.wiseplay
316,com.huawei.health
575,com.touchtype.swiftkey
1679,com.huawei.himovie
112,com.linkedin.android
219,com.linkedin.android.learning
481,com.shaiban.audioplayer.mplayer
84,wp.wattpad
1154,com.pieyel.scrabble
1667,com.google.android.keep
80,com.amazon.kindle
233,com.google.android.apps.youtube.kids
1935,com.amazon.avod.thirdpartyclient
1287,io.stellio.music
1515,code.name.monkey.retromusic
1560,com.vmons.mediaplayer.music
378,com.google.android.apps.books
507,com.google.android.apps.magazines
1589,com.instagram.lite
1622,com.com2ususa.mlbpiul.android.google.global.normal
1721,com.cryptoslots.casinoverview
2078,com.playstudios.mykonami
950,dating.hookup.apps
1203,co.hud.app
1602,com.xbasetech.cragly
378,com.google.android.apps.books
564,com.google.android.apps.photos
1679,com.huawei.himovie
774,com.google.android.apps.accessibility.maui.actionblocks
1582,com.newscientist.mobile
1944,com.texode.securecard
774,com.google.android.apps.accessibility.maui.actionblocks
1246,com.eightfit.app
1805,au.gov.bom.metview
418,com.waze
1145,com.peoplefun.wordcross
1355,com.weawow
126,com.invoice2go.invoice2goplus
132,com.shopify.mobile
279,com.colpit.diamondcoming.isavemoney
519,com.cnn.mobile.android.phone
683,com.dropbox.android
756,com.accuweather.android
1179,com.snowcorp.soda.android
1570,com.theangrykraken.trivial
2086,com.kiragames.unblockmefree
194,enterprises.dating.boo
203,com.ftw_and_co.happn
1482,de.yalwa.hashtagdating
151,com.viz.wsj.android
1223,com.lego.legobuildinginstructions
1754,com.wb.goog.dcuniverse
712,com.viator.mobile.android
884,de.stocard.stocard
2073,com.sybogames.brim
839,com.rocket.jackal.squad
1221,tv.arte.plus7
1915,com.qwiboo.ballking
173,com.google.android.apps.meetings
1212,com.instructure.candroid
1527,todolist.scheduleplanner.dailyplanner.todo.reminders
0,com.brakefield.idfree
20,com.womboai.wombodream
21,fr.moblo
194,enterprises.dating.boo
195,co.hinge.app
1757,com.hily.app
1065,com.gameloft.android.ANMP.GloftDOHM
1068,es.socialpoint.MonsterLegends
1433,com.sparklingsociety.cityisland4
417,com.mapswithme.maps.pro
423,com.huawei.maps.app
589,com.google.android.GoogleCamera
585,com.picsart.studio
1157,com.TinyBit.GameOfWords
1734,com.word.game.crossword.brain.puzzle.scapes.connect
923,com.productmadness.cashmancasino
1564,com.bandagames.mpuzzle.gp
1564,com.bandagames.mpuzzle.gp
193,com.bumble.app
765,de.wetteronline.wetterapp
1381,com.halfbrick.fruitninjafree
126,com.invoice2go.invoice2goplus
132,com.shopify.mobile
2053,com.sony.songpal
567,com.google.android.apps.wallpaper
934,com.huuuge.casino.texas
1951,com.chippymediallc.word.nut.android
616,com.alibaba.intl.android.apps.poseidon
621,com.amazon.mShop.android.shopping
657,mobisocial.arcade
23,ktech.sketchar
981,no.mobitroll.kahoot.android
1952,com.gorealgames.megavoxelbuilder
1199,com.waplog.social
1641,com.hotornot.app
1937,com.maps.plus
500,hr.palamida
1019,com.creativemobile.nno
1438,badminton.king.sportsgame.smash
23,ktech.sketchar
1568,com.naturalmotion.csrclassics
1946,com.naturalmotion.csrracing
84,wp.wattpad
1210,com.getmimo
1528,com.shopify.arrive
1166,com.candybots.cars.trucks.kid.junior.learning
1290,com.economist.lamarr
1347,jp.go.jnto.jota
274,com.bloomberg.android.plus
567,com.google.android.apps.wallpaper
738,com.vimeocreate.videoeditor.moviemaker
197,com.dating.android
530,ma.safe.bn
2023,au.com.stan.and
1750,au.com.auspost.android
1778,com.lifestylesapp
1877,com.livingearth.pro
611,notion.id
650,com.narvii.amino.master
1309,com.ticktick.task
110,com.whatsapp.w4b
564,com.google.android.apps.photos
619,com.alibaba.aliexpresshd
313,com.sec.android.app.shealth
685,com.google.android.calculator
1242,com.lge.lifetracker
22,jp.ne.ibis.ibispaintx.app
990,com.easybrain.jigsaw.puzzles
1069,com.fluffyfairygames.idleminertycoon
499,com.aspiro.tidal
507,com.google.android.apps.magazines
671,com.yahoo.mobile.client.android.sportacular
1443,com.tetrox.bowl
1458,com.marulgames.wordsurf
1460,com.kooapps.wordxbeachandroid
1048,com.playkot.ageofmagic
1376,com.superplanet.lucid2.global
1424,com.neowizgames.game.browndust.srpg.global
12,jp.co.celsys.clipstudiopaint.googleplay
1064,com.melesta.coffeeshop
1753,com.marvel.comics
518,com.news24.ui.core
532,com.thomsonreuters.reuters
1593,com.apalon.weatherlive.free
250,com.bridebook.mobileapp
1223,com.lego.legobuildinginstructions
1546,com.avcrbt.funimate
811,com.hyperbeard.tsuki
814,games.dali.adventure.point.click.lucid.dream.witch.planet.riddle
1618,com.Sarepta.MyChild
532,com.thomsonreuters.reuters
1789,com.beforesoft.launcher
1904,com.deviantart.android.damobile
193,com.bumble.app
194,enterprises.dating.boo
201,com.jaumo
792,com.epiczone.cyberfighters.stickman.shadow
815,com.gameloft.android.ANMP.GloftIVHM
853,com.rocket.sky.shooter
528,it.pinenuts.rassegnastampa
1519,com.world.newspapers
1909,com.brouken.player
370,com.cookapps.ff.luxurymatchsquare
1413,com.puzzlegame.puzzledom
1571,com.etermax.triviagameshow
261,com.eventbrite.attendee
274,com.bloomberg.android.plus
422,com.maps.voice.navigation.traffic.gps.location.route.driving.directions
234,com.google.android.videos
378,com.google.android.apps.books
911,com.microsoft.microsoftsolitairecollection
2024,au.net.abc.iview
2028,au.com.bws
2061,com.woolworths.bigw.shop.android
433,com.bodunov.galileo
1905,com.machipopo.media17
1944,com.texode.securecard
163,com.microsoft.teams
168,us.zoom.videomeetings
1465,com.google.android.projection.gearhead
452,com.amboss.medical.knowledge
453,com.atomengineapps.teachmeanatomy
471,com.medscape.android
1044,com.artifexmundi.balefire
1045,com.albiononline
1615,com.alexanderwinn.TerraGenesis
771,game.rpg.action.cyber
1358,ru.yandex.weatherplugin
1911,wangdaye.com.geometricweather
234,com.google.android.videos
681,com.google.android.apps.subscriptions.red
691,com.google.android.apps.googleassistant
605,com.google.android.calendar
677,share.sharekaro.pro
1643,com.byjus.thelearningapp
244,com.meetup
884,de.stocard.stocard
1497,com.yummly.android
522,jp.gocro.smartnews.android
886,com.Nightingale.Solitaire.Card.Games.Free
893,com.mobilityware.solitaire
234,com.google.android.videos
578,com.niksoftware.snapseed
677,share.sharekaro.pro
685,com.google.android.calculator
687,com.google.android.play.games
1038,com.blizzard.diablo.immortal
202,ru.mamba.client
208,com.evermatch
1199,com.waplog.social
1805,au.gov.bom.metview
2023,au.com.stan.and
2069,au.com.willyweather
621,com.amazon.mShop.android.shopping
1935,com.amazon.avod.thirdpartyclient
2068,com.clipchamp.app
267,com.revolut.revolut
273,com.fusionmedia.investing
1057,com.ea.game.simcitymobile_row
281,com.organizze.android
774,com.google.android.apps.accessibility.maui.actionblocks
870,com.google.android.apps.jam
665,com.hdhstack.athletics
1128,com.etermax.preguntados.lite
1622,com.com2ususa.mlbpiul.android.google.global.normal
105,com.citationsy.citationsy
683,com.dropbox.android
1290,com.economist.lamarr
202,ru.mamba.client
202,ru.mamba.client
1982,com.pinkapp
1138,com.google.android.apps.docs.editors.docs
2058,au.com.kmart
2061,com.woolworths.bigw.shop.android
171,com.google.android.apps.dynamite
234,com.google.android.videos
686,com.google.android.apps.searchlite
415,com.google.android.apps.maps
580,com.google.android.apps.photosgo
679,com.android.chrome
176,com.facebook.orca
730,com.lemon.lvoverseas
1348,com.nexstreaming.app.kinemasterfree
369,com.tamalaki.homedesigner.makeover.blast
993,com.zimad.puzzle.villa.jigsaw
1256,com.note7g.Dreamhome
941,com.RocketGames.ClassicSlots
1599,slots.hot.vegas.casino.games.free
1601,com.ksgmobileinc.showmevegasslotsv2
234,com.google.android.videos
313,com.sec.android.app.shealth
1456,com.microsoft.office.excel
798,com.haiku.adventure.escape.game.mystery.stories
1421,com.delightgames.medievalfantasy
1487,com.hbo.hbonow
1755,com.iconology.comics
2086,com.kiragames.unblockmefree
807,games.dali.adventure.neighborhood.unholy
903,edu.cornell.gdiac.underhand
689,org.mozilla.firefox
726,com.cyberlink.powerdirector.DRA140225_01
688,com.azure.authenticator
1911,wangdaye.com.geometricweather
2052,com.uptodate.android
2052,com.uptodate.android
37,com.bitspice.automate
1760,de.affinitas.za.co.elitesingles.and
443,com.mapzonestudio.gps.navigation.live.map.voice.translator
1302,com.tombayley.miui
1423,com.rayark.sdorica
1929,com.emagroups.ic2
499,com.aspiro.tidal
1289,com.hiby.music
362,com.dreammoregames.makeover.myhome.scapes
942,com.ballytechnologies.f88
988,com.miui.player
1353,com.miui.weather2
1562,com.dxm.nopuzzle
1736,com.playvalve.wsjourney
745,tv.fipe.fplayer
1909,com.brouken.player
992,com.jellybtn.mergestories
1053,com.Roika.Darkrise
1236,com.deliverynow
1314,com.shopee.vn
45,com.playway.cms2017
967,io.state.fight
1059,com.tencent.dressup
1647,com.tencent.qqlivei18n
1899,com.digibites.calendar
1899,com.digibites.calendar
502,com.media.music.mp3.musicplayer
648,com.pinterest
505,flipboard.app
1656,com.liv.android
303,com.drink.simulator.beach.cocktail
1818,com.agminstruments.drumpadmachine
37,com.bitspice.automate
888,com.cardsapp.android
361,com.mintgames.match3.decorate.house.homedesign
362,com.dreammoregames.makeover.myhome.scapes
443,com.mapzonestudio.gps.navigation.live.map.voice.translator
712,com.viator.mobile.android
1064,com.melesta.coffeeshop
1616,com.gamegos.mobile.cafeland
1421,com.delightgames.medievalfantasy
1619,com.haegin.playtogether
1062,com.ea.game.simpsons4_row
1117,com.war.ww2.wargames.strategy
741,org.courville.nova
1909,com.brouken.player
741,org.courville.nova
745,tv.fipe.fplayer
443,com.mapzonestudio.gps.navigation.live.map.voice.translator
1785,com.microsoft.familysafety
42,za.co.autotrader.android.app
470,emguidance.tompsa
361,com.mintgames.match3.decorate.house.homedesign
2032,com.bettelife.MyHouse
1059,com.tencent.dressup
1180,com.mybogames.merge
505,flipboard.app
692,com.kms.free
809,air.com.pixelfederation.diggy
821,com.sphinxjoy.ing018.gp
37,com.bitspice.automate
1168,com.zenthek.autozen
741,org.courville.nova
1220,com.megogo.application
505,flipboard.app
1216,de.swr.avp.ard
1059,com.tencent.dressup
1193,com.tapread.reader
922,air.com.playtika.slotomania
927,com.ddi
500,hr.palamida
986,com.easybrain.make.music
741,org.courville.nova
1406,com.cyberneticentertainment.luminantmusic
806,com.gamegos.adventure.bay.paradise.farm
810,com.dragonscapes.global
584,com.baseapp.eyeem
825,com.haikugamesco.escape11
920,com.diamondlife.slots.vegas.free
1599,slots.hot.vegas.casino.games.free
362,com.dreammoregames.makeover.myhome.scapes
913,com.slotslimited.goldencasino
362,com.dreammoregames.makeover.myhome.scapes
370,com.cookapps.ff.luxurymatchsquare
639,com.discord
1572,trivia.master.question.quiz.answer.crack.star.millionaire.free.knowledge
1118,com.bytro.supremacy1914
1488,com.vividseats.android
584,com.baseapp.eyeem
596,com.gurushots.app
1062,com.ea.game.simpsons4_row
1500,com.xiaojukeji.didi.global.customer
804,com.moonton.mobilehero
1052,com.gacogames.epiccon
741,org.courville.nova
1341,com.ddm.iptools
223,com.udemy.android
1993,com.qqlabs.minimalistlauncher
1178,com.meitu.makeup
1647,com.tencent.qqlivei18n
1830,de.autodoc.gmbh
1831,autoparts.shop
918,com.tw.tycoon.casino
925,com.playtika.caesarscasino
448,com.ada.app
1940,com.herocraft.game.hyperforma.cyber.hack.arcade
804,com.moonton.mobilehero
1422,com.miHoYo.GenshinImpact
1320,com.venteprivee
1994,com.pictime.kiabi.activity
1559,com.pearl.music
1560,com.vmons.mediaplayer.music
1119,com.bytro.callofwar1942
1122,com.xhgame.starwar
804,com.moonton.mobilehero
1035,com.zigzagame.evertale
1061,com.computerlunch.evolution
2076,com.imangi.templerun2
173,com.google.android.apps.meetings
1410,com.spotify.lite
362,com.dreammoregames.makeover.myhome.scapes
370,com.cookapps.ff.luxurymatchsquare
923,com.productmadness.cashmancasino
938,com.williamsinteractive.hotshotcasino
117,com.facebook.work
131,com.facebook.workchat
447,org.osmosis.med
458,de.lecturio.android.LecturioMed
167,com.google.android.gm
678,com.google.android.googlequicksearchbox
221,com.classdojo.android
366,com.storm8.propertybrothers
362,com.dreammoregames.makeover.myhome.scapes
1822,com.bluembo.superpug
36,com.andromo.dev420527.app606734
1932,com.andromo.dev498527.app570067
1371,com.fourfats.blackmoor2
1914,com.mooffgames.bootclub
918,com.tw.tycoon.casino
1557,com.maxbet.wondercashcasino
445,org.iggymedia.periodtracker
607,com.evernote
502,com.media.music.mp3.musicplayer
680,com.sec.android.app.sbrowser
863,com.kentdisplays.blackboard
1537,com.YRH.PackPoint
173,com.google.android.apps.meetings
805,com.StudioWheel.Bard
173,com.google.android.apps.meetings
988,com.miui.player
505,flipboard.app
1419,com.rovio.abcasual
1421,com.delightgames.medievalfantasy
1961,com.sofascore.results
445,org.iggymedia.periodtracker
1837,me.co.mpm.cosmetics
923,com.productmadness.cashmancasino
2078,com.playstudios.mykonami
365,com.design.interior.jewel.makeover.redecor.game
2032,com.bettelife.MyHouse
365,com.design.interior.jewel.makeover.redecor.game
1257,com.giraffegames.ggm3
114,com.intuit.quickbooks
572,com.teslacoilsw.launcher
314,com.droidinfinity.healthplus
320,com.androidapps.healthmanager
173,com.google.android.apps.meetings
228,com.google.android.apps.classroom
505,flipboard.app
610,com.google.android.apps.docs.editors.slides
922,air.com.playtika.slotomania
1600,com.playstudios.popslots
579,com.adobe.psmobile
726,com.cyberlink.powerdirector.DRA140225_01
585,com.picsart.studio
639,com.discord
1117,com.war.ww2.wargames.strategy
1949,com.worldwar2.strategygames.ww2.sd
168,us.zoom.videomeetings
645,com.facebook.lite
692,com.kms.free
1443,com.tetrox.bowl
807,games.dali.adventure.neighborhood.unholy
814,games.dali.adventure.point.click.lucid.dream.witch.planet.riddle
37,com.bitspice.automate
1678,com.travel.almosafer
447,org.osmosis.med
458,de.lecturio.android.LecturioMed
1752,com.yelp.android.biz
1893,com.glip.mobile
168,us.zoom.videomeetings
623,com.ebay.mobile
37,com.bitspice.automate
435,com.voice.gps.driving.directions.gps.navigation.maps.location
745,tv.fipe.fplayer
885,com.tinytouchtales.cardthief
505,flipboard.app
531,com.devhd.feedly
362,com.dreammoregames.makeover.myhome.scapes
1253,com.ivmob.interior
360,mytown.home
2055,com.bartoogamecompany.ParentingChoices
691,com.google.android.apps.googleassistant
1465,com.google.android.projection.gearhead
691,com.google.android.apps.googleassistant
1983,me.fup.joyapp
173,com.google.android.apps.meetings
228,com.google.android.apps.classroom
863,com.kentdisplays.blackboard
1393,com.snoutup.cardhog
45,com.playway.cms2017
1095,com.rome.caesar.war.strategy.conqueror.games
1122,com.xhgame.starwar
1943,com.github.devnied.emvnfccard
1232,com.woowahan.vn.baemin
1236,com.deliverynow
918,com.tw.tycoon.casino
933,com.productmadness.lightninglink
920,com.diamondlife.slots.vegas.free
940,com.tritonesoft.playlasvegas
745,tv.fipe.fplayer
1522,ginlemon.iconpackstudio
443,com.mapzonestudio.gps.navigation.live.map.voice.translator
1148,com.officesuite.fileopener.fileviewer.all.document.reader.word.excel.pptx.pdf
502,com.media.music.mp3.musicplayer
1167,com.formacar.android
923,com.productmadness.cashmancasino
1919,com.productmadness.fafafagold
868,com.inconceptlabs.liveboard
1279,com.isea.Embark
804,com.moonton.mobilehero
1433,com.sparklingsociety.cityisland4
505,flipboard.app
522,jp.gocro.smartnews.android
112,com.linkedin.android
1909,com.brouken.player
500,hr.palamida
1023,com.skgames.trafficracer
1622,com.com2ususa.mlbpiul.android.google.global.normal
1806,com.ketchapp.gunaction
363,fr.anuman.HomeDesign3D
1961,com.sofascore.results
312,com.google.android.apps.fitness
1412,puzzle.blockpuzzle.cube.relax
1369,com.madfingergames.legends
1941,com.sega.CrazyTaxiplayhaven
1061,com.computerlunch.evolution
1621,com.mobage.ww.a1912.Godus_Android
1118,com.bytro.supremacy1914
2082,com.magix.android.mmjam
806,com.gamegos.adventure.bay.paradise.farm
816,com.plarium.blast
990,com.easybrain.jigsaw.puzzles
993,com.zimad.puzzle.villa.jigsaw
1678,com.travel.almosafer
1690,com.like.likecard
1557,com.maxbet.wondercashcasino
1814,com.uphill.slot.classic
361,com.mintgames.match3.decorate.house.homedesign
367,com.belkatechnologies.hh
169,com.skype.raider
1366,com.windyty.android
689,org.mozilla.firefox
1218,com.digidust.elokence.akinator.paid
312,com.google.android.apps.fitness
1526,com.thehungrywasp.iamsober
40,com.soft24hours.dictionaries.dictionary27
48,com.dictionary.auto.partsauto.eng.free
642,com.facebook.katana
679,com.android.chrome
806,com.gamegos.adventure.bay.paradise.farm
1460,com.kooapps.wordxbeachandroid
169,com.skype.raider
610,com.google.android.apps.docs.editors.slides
639,com.discord
691,com.google.android.apps.googleassistant
312,com.google.android.apps.fitness
1241,nl.appyhapps.healthsync
1176,com.keyconnect.android
1342,com.wakdev.wdnfc
580,com.google.android.apps.photosgo
897,com.mobilityware.freecell
228,com.google.android.apps.classroom
1667,com.google.android.keep
642,com.facebook.katana
645,com.facebook.lite
362,com.dreammoregames.makeover.myhome.scapes
1257,com.giraffegames.ggm3
444,smartwatchstudios.app.gears3navigation
1523,com.sparkistic.photowear
991,com.mobirix.jigsawking
1396,com.casinoworld
1237,com.foody.vn.activity
1314,com.shopee.vn
43,com.supergame.ohmycar
1568,com.naturalmotion.csrclassics
806,com.gamegos.adventure.bay.paradise.farm
1180,com.mybogames.merge
40,com.soft24hours.dictionaries.dictionary27
44,com.monolit.carstructure
43,com.supergame.ohmycar
1129,com.fun.feud.trivia.android
43,com.supergame.ohmycar
584,com.baseapp.eyeem
1060,com.ea.gp.simsmobile
1649,com.main.gopuff
224,org.khankids.android
973,com.rvappstudios.abc.spelling.toddler.spell.phonics
991,com.mobirix.jigsawking
1006,com.veraxen.jigsaw
361,com.mintgames.match3.decorate.house.homedesign
1256,com.note7g.Dreamhome
501,com.afmobi.boomplayer
1207,com.waplogmatch.social
866,com.iz.classic.family.board.games.all.in.one.offline.table.travel.fun.two.four.player
876,monopoly.business.city
446,com.soft24hours.directorys.medical.diseasemulti.free
1168,com.zenthek.autozen
115,com.tokopedia.sellerapp
1921,com.tencent.ibg.joox
1367,com.sportsaction.action
1548,com.mart.weather
115,com.tokopedia.sellerapp
653,com.vimeo.android.videoapp
919,com.bagelcode.slots1
992,com.jellybtn.mergestories
40,com.soft24hours.dictionaries.dictionary27
1932,com.andromo.dev498527.app570067
991,com.mobirix.jigsawking
1431,com.astragon.trucksimtwo
305,com.icephenixgames.cocktailsart
1493,com.ikskom.wedding.planner.organizer
171,com.google.android.apps.dynamite
173,com.google.android.apps.meetings
40,com.soft24hours.dictionaries.dictionary27
48,com.dictionary.auto.partsauto.eng.free
113,business.monopoly.city
878,air.bg.lan.Monopoli
1557,com.maxbet.wondercashcasino
1810,com.jackpot.lightning.slots.casino
312,com.google.android.apps.fitness
1527,todolist.scheduleplanner.dailyplanner.todo.reminders
362,com.dreammoregames.makeover.myhome.scapes
1251,com.cookapps.ff.luxuryinteriors
312,com.google.android.apps.fitness
1959,com.nis.app
115,com.tokopedia.sellerapp
514,com.issuu.android.app
43,com.supergame.ohmycar
826,com.namcobandaigames.pacmantournaments
742,com.magisto
764,com.macropinch.swan
115,com.tokopedia.sellerapp
628,com.tokopedia.tkpd
921,com.platogo.pmp
936,com.funstage.gta
1062,com.ea.game.simpsons4_row
1083,uk.co.yakuto.TableTennisTouch
919,com.bagelcode.slots1
1556,com.belkagames.solitaire
1830,de.autodoc.gmbh
1831,autoparts.shop
361,com.mintgames.match3.decorate.house.homedesign
1470,com.twodoor.carcarrier
305,com.icephenixgames.cocktailsart
1784,com.ayodkay.apps.swen
1751,com.xero.touch
1804,com.metservice.kryten
169,com.skype.raider
567,com.google.android.apps.wallpaper
991,com.mobirix.jigsawking
1079,eu.nordeus.topeleven.android
224,org.khankids.android
1521,com.bitstrips.imoji
991,com.mobirix.jigsawking
998,com.rvappstudios.jigsaw.puzzles
641,com.reddit.frontpage
1897,com.gomtv.gomaudio
691,com.google.android.apps.googleassistant
988,com.miui.player
584,com.baseapp.eyeem
1770,com.barsstudios.tinyhome
37,com.bitspice.automate
1880,com.exovoid.weather.app
640,com.zhiliaoapp.musically.go
974,com.rvappstudios.math.kids.counting
918,com.tw.tycoon.casino
925,com.playtika.caesarscasino
1119,com.bytro.callofwar1942
1119,com.bytro.callofwar1942
1178,com.meitu.makeup
1899,com.digibites.calendar
1176,com.keyconnect.android
1532,com.mambet.tv
42,za.co.autotrader.android.app
300,com.mrd.food
805,com.StudioWheel.Bard
1371,com.fourfats.blackmoor2
741,org.courville.nova
743,videoplayer.mediaplayer.hdplayer
226,co.brainly
682,com.google.android.apps.translate
1061,com.computerlunch.evolution
1132,com.xmonetize.quizzland
362,com.dreammoregames.makeover.myhome.scapes
369,com.tamalaki.homedesigner.makeover.blast
580,com.google.android.apps.photosgo
1667,com.google.android.keep
445,org.iggymedia.periodtracker
625,com.awfs.coordination
37,com.bitspice.automate
1168,com.zenthek.autozen
172,com.tencent.mm
1638,com.unearby.sayhi
922,air.com.playtika.slotomania
925,com.playtika.caesarscasino
2049,au.com.sydneyolympicpark.lifestyle.app
2060,au.com.catchoftheday.android
918,com.tw.tycoon.casino
929,com.slotslot.slot
580,com.google.android.apps.photosgo
908,com.bbumgames.rummystars
584,com.baseapp.eyeem
943,co.lucky.hookup
37,com.bitspice.automate
1168,com.zenthek.autozen
1060,com.ea.gp.simsmobile
1072,com.mkarpenko.worldbox
313,com.sec.android.app.shealth
1005,com.matchington.mansion
504,com.newspaperdirect.pressreader.android
516,com.newspaperdirect.pressreader.android.hc
361,com.mintgames.match3.decorate.house.homedesign
1254,com.myapp.sweethouse
584,com.baseapp.eyeem
947,com.headero.app
921,com.platogo.pmp
921,com.platogo.pmp
1121,com.totalbattle
1122,com.xhgame.starwar
1485,com.edokicademy.montessoriacademy
2030,com.jimmybrings
364,com.hyperbeard.adorablehome
1425,exize.tapas.girlAdrift
504,com.newspaperdirect.pressreader.android
2067,com.viessmann.vicare
1483,com.lavendrapp.lavendr
1757,com.hily.app
745,tv.fipe.fplayer
1289,com.hiby.music
308,com.eduven.cc.alcoholicBeverages
957,com.spookyhousestudios.progressbar95
580,com.google.android.apps.photosgo
669,com.livescore
446,com.soft24hours.directorys.medical.diseasemulti.free
1461,se.maginteractive.worddomination
171,com.google.android.apps.dynamite
1304,com.transsion.hilauncher
500,hr.palamida
743,videoplayer.mediaplayer.hdplayer
312,com.google.android.apps.fitness
774,com.google.android.apps.accessibility.maui.actionblocks
919,com.bagelcode.slots1
927,com.ddi
1484,com.teachmint.teachmint
1967,com.kamagames.roulettist
43,com.supergame.ohmycar
1888,com.tripoly.usedcarmaster.gp
691,com.google.android.apps.googleassistant
1297,com.mi.android.globallauncher
580,com.google.android.apps.photosgo
1953,com.oshirtshop.com.designer
741,org.courville.nova
753,com.rz.night.player
42,za.co.autotrader.android.app
760,com.weatherteam.rainy.forecast.radar.widgets
1237,com.foody.vn.activity
1405,com.zing.mp3
922,air.com.playtika.slotomania
1607,com.funtomic.matchmasters
445,org.iggymedia.periodtracker
1524,com.asana.app
805,com.StudioWheel.Bard
1054,com.alicegames.idle.rpg.battler
583,com.kvadgroup.photostudio
1904,com.deviantart.android.damobile
1315,ru.ozon.app.android
1407,ru.yandex.music
921,com.platogo.pmp
1814,com.uphill.slot.classic
361,com.mintgames.match3.decorate.house.homedesign
1256,com.note7g.Dreamhome
171,com.google.android.apps.dynamite
2078,com.playstudios.mykonami
504,com.newspaperdirect.pressreader.android
514,com.issuu.android.app
1118,com.bytro.supremacy1914
1119,com.bytro.callofwar1942
112,com.linkedin.android
611,notion.id
172,com.tencent.mm
418,com.waze
1754,com.wb.goog.dcuniverse
1755,com.iconology.comics
641,com.reddit.frontpage
1915,com.qwiboo.ballking
1556,com.belkagames.solitaire
2085,com.pivotgames.witchcatmatch3puzzle.gp
504,com.newspaperdirect.pressreader.android
1755,com.iconology.comics
1750,au.com.auspost.android
1782,android.AbcApplication
867,com.yoozoogames.carromfriendsboardgames
1672,com.ictar.arsports
1677,com.wego.android
1678,com.travel.almosafer
580,com.google.android.apps.photosgo
591,com.simplemobiletools.gallery
1118,com.bytro.supremacy1914
1211,com.babbel.mobile.android.en
508,com.zinio.mobile.android.reader
2083,com.clearchannel.iheartradio.controller
167,com.google.android.gm
415,com.google.android.apps.maps
798,com.haiku.adventure.escape.game.mystery.stories
1154,com.pieyel.scrabble
1000,net.peakgames.toonblast
1443,com.tetrox.bowl
572,com.teslacoilsw.launcher
1544,com.mxtech.videoplayer.pro
911,com.microsoft.microsoftsolitairecollection
995,jigsaw.puzzle.free.games
514,com.issuu.android.app
1898,com.alt.goodmorning
751,com.lightricks.videoleap
1056,com.roblox.client
1762,com.educationperfect.client
1804,com.metservice.kryten
370,com.cookapps.ff.luxurymatchsquare
1255,com.unity.dhmakeover
236,com.microsoft.xboxone.smartglass
477,com.spotify.music
648,com.pinterest
658,tv.twitch.android.app
1128,com.etermax.preguntados.lite
1737,com.kooapps.pictowordandroid
572,com.teslacoilsw.launcher
1791,com.ald.devs47.sam.beckman.palettesetups
1414,com.king.blossomblast
1866,com.chase.sig.android
300,com.mrd.food
1565,com.ea.games.nfs13_row
1167,com.formacar.android
1952,com.gorealgames.megavoxelbuilder
27,com.PixelStudio
1674,com.nvidia.geforcenow
1632,com.autoscout24
2067,com.viessmann.vicare
1128,com.etermax.preguntados.lite
1318,trendyol.com
911,com.microsoft.microsoftsolitairecollection
1567,com.budgestudios.googleplay.HotWheelsUnlimited
798,com.haiku.adventure.escape.game.mystery.stories
807,games.dali.adventure.neighborhood.unholy
370,com.cookapps.ff.luxurymatchsquare
1580,decoration.smartfunapps.com.deco
163,com.microsoft.teams
177,com.microsoft.office.outlook
370,com.cookapps.ff.luxurymatchsquare
1253,com.ivmob.interior
1128,com.etermax.preguntados.lite
1996,com.joom
370,com.cookapps.ff.luxurymatchsquare
1256,com.note7g.Dreamhome
514,com.issuu.android.app
520,com.yumpu.news
1308,com.habitrpg.android.habitica
1898,com.alt.goodmorning
370,com.cookapps.ff.luxurymatchsquare
1253,com.ivmob.interior
572,com.teslacoilsw.launcher
1332,com.appdirtvision
123,com.google.android.apps.adwords
495,mymusic.offlinemusicplayer.mp3player.playmusic
571,net.zedge.android
1507,com.imaginalis.HouseFlipperMobile
1167,com.formacar.android
1445,com.bytro.supremacy1.thegreatwar
25,com.ambientdesign.artrage.playstore
741,org.courville.nova
437,menion.android.locus
1274,net.osmand.plus
25,com.ambientdesign.artrage.playstore
727,org.videolan.vlc
370,com.cookapps.ff.luxurymatchsquare
1580,decoration.smartfunapps.com.deco
123,com.google.android.apps.adwords
1339,kr.aboy.tools
25,com.ambientdesign.artrage.playstore
1159,com.bytestorm.artflow
25,com.ambientdesign.artrage.playstore
674,com.pcmehanik.smarttoolbox
797,com.kongregate.mobile.adventurecapitalist.google
1698,com.noope.casinoland
25,com.ambientdesign.artrage.playstore
89,com.logos.androidlogos
236,com.microsoft.xboxone.smartglass
898,com.kongregate.mobile.throwdown.google
162,org.telegram.messenger
175,com.truecaller
1129,com.fun.feud.trivia.android
1339,kr.aboy.tools
25,com.ambientdesign.artrage.playstore
847,com.outofthebit.superarcaderacing
572,com.teslacoilsw.launcher
1409,com.musixmatch.android.lyrify
572,com.teslacoilsw.launcher
675,com.onepassword.android
1129,com.fun.feud.trivia.android
1557,com.maxbet.wondercashcasino
797,com.kongregate.mobile.adventurecapitalist.google
813,com.kongregate.mobile.adventurecommunist.google
370,com.cookapps.ff.luxurymatchsquare
1255,com.unity.dhmakeover
162,org.telegram.messenger
648,com.pinterest
911,com.microsoft.microsoftsolitairecollection
1620,com.gameloft.android.ANMP.GloftDYHM
370,com.cookapps.ff.luxurymatchsquare
1257,com.giraffegames.ggm3
1168,com.zenthek.autozen
1937,com.maps.plus
1051,pl.codejungle.simplestrpg.online
1122,com.xhgame.starwar
234,com.google.android.videos
313,com.sec.android.app.shealth
573,com.transsion.XOSLauncher
689,org.mozilla.firefox
438,com.tomtom.speedcams.android.map
1535,com.softpauer.f1timingapp2014.basic
234,com.google.android.videos
1138,com.google.android.apps.docs.editors.docs
647,com.plato.android
1446,com.hbrz.wodan
1168,com.zenthek.autozen
2089,com.autouncle.autouncle
573,com.transsion.XOSLauncher
1286,media.mp3.audio.musicplayer
369,com.tamalaki.homedesigner.makeover.blast
2032,com.bettelife.MyHouse
234,com.google.android.videos
787,com.gameloft.android.ANMP.GloftHFHM
799,com.ubisoft.raymanadventures
1609,com.sega.sprint
234,com.google.android.videos
312,com.google.android.apps.fitness
234,com.google.android.videos
524,com.nakkheeran.news
799,com.ubisoft.raymanadventures
1065,com.gameloft.android.ANMP.GloftDOHM
234,com.google.android.videos
1667,com.google.android.keep
685,com.google.android.calculator
691,com.google.android.apps.googleassistant
164,com.google.android.contacts
662,video.like
871,com.samsung.android.homemode
1452,com.lotum.quizplanet
1245,walking.weightloss.walk.tracker
1950,documents.documentreader.pdfreader.worddocument.excel
512,com.opera.app.news
1109,com.european.war.conqueror.napoleon
512,com.opera.app.news
1304,com.transsion.hilauncher
750,com.dvg.multivideoplayer
1904,com.deviantart.android.damobile
293,com.bolt.deliveryclient
683,com.dropbox.android
30,altergames.carlauncher
30,altergames.carlauncher
164,com.google.android.contacts
691,com.google.android.apps.googleassistant
1549,com.weather.Weather
2051,com.nhs.online.nhsonline
685,com.google.android.calculator
2071,com.acmeaom.android.myradar
235,com.showmax.app
727,org.videolan.vlc
234,com.google.android.videos
494,com.rhmsoft.pulsar
1168,com.zenthek.autozen
1911,wangdaye.com.geometricweather
370,com.cookapps.ff.luxurymatchsquare
1253,com.ivmob.interior
369,com.tamalaki.homedesigner.makeover.blast
1506,com.Protofun.Words
872,com.developer.psect.visionboard
1309,com.ticktick.task
1952,com.gorealgames.megavoxelbuilder
2079,com.xizhi_ai.xizhi_higgz
438,com.tomtom.speedcams.android.map
557,com.wondershare.famisafe
1309,com.ticktick.task
1504,io.strongapp.strong
684,com.microsoft.skydrive
1189,com.facebook.adsmanager
1051,pl.codejungle.simplestrpg.online
1445,com.bytro.supremacy1.thegreatwar
1375,com.nuts.atw.android.googleplay
1616,com.gamegos.mobile.cafeland
235,com.showmax.app
1667,com.google.android.keep
1168,com.zenthek.autozen
1834,com.nezdroid.cardashdroid
751,com.lightricks.videoleap
1934,com.tubitv
438,com.tomtom.speedcams.android.map
1845,com.kaching.merchant
872,com.developer.psect.visionboard
873,com.mlab.visiongoal
235,com.showmax.app
480,deezer.android.app
573,com.transsion.XOSLauncher
664,com.supersport.android.phone
438,com.tomtom.speedcams.android.map
442,hr.mireo.arthur
1052,com.gacogames.epiccon
1883,com.musicplayer.music
1310,com.microsoft.todos
1875,mega.privacy.android.app
369,com.tamalaki.homedesigner.makeover.blast
817,com.vizorapps.klondike
438,com.tomtom.speedcams.android.map
487,com.jetappfactory.jetaudio
369,com.tamalaki.homedesigner.makeover.blast
1255,com.unity.dhmakeover
236,com.microsoft.xboxone.smartglass
1591,com.nordvpn.android
1376,com.superplanet.lucid2.global
1423,com.rayark.sdorica
514,com.issuu.android.app
663,com.projz.z.android
876,monopoly.business.city
959,io.battleroyale.magicka
435,com.voice.gps.driving.directions.gps.navigation.maps.location
1397,com.and.kk.jackpot.storm.game
1411,com.supersolid.cookandmerge
1714,com.lighthouse.crazy.night
651,org.buffer.android
1231,com.egets.takeaways
1411,com.supersolid.cookandmerge
1579,com.stone.mergedesign
795,com.flaregames.nonstop.action.rpg
963,com.playgendary.sportmasters
567,com.google.android.apps.wallpaper
1846,com.keycollectorcomics.keycollector
567,com.google.android.apps.wallpaper
870,com.google.android.apps.jam
1544,com.mxtech.videoplayer.pro
1909,com.brouken.player
754,com.weather.forecast.weatherchannel
1355,com.weawow
568,com.watchfacestudio.wfp300_tomcat_PRO
568,com.watchfacestudio.wfp300_tomcat_PRO
1131,com.sonypicturestelevision.millionaire
1734,com.word.game.crossword.brain.puzzle.scapes.connect
909,com.mobilityware.Spades
2066,au.com.optus.sport
1249,com.tapblaze.homecraft
1506,com.Protofun.Words
124,com.cashbooknew
532,com.thomsonreuters.reuters
754,com.weather.forecast.weatherchannel
1355,com.weawow
682,com.google.android.apps.translate
1562,com.dxm.nopuzzle
22,jp.ne.ibis.ibispaintx.app
141,com.naver.linewebtoon
682,com.google.android.apps.translate
1141,com.microsoft.office.officehubrow
795,com.flaregames.nonstop.action.rpg
841,com.hikergames.ArcadeHunter
754,com.weather.forecast.weatherchannel
1881,fi.fmi.mobileweather
1003,com.easybrain.art.puzzle
1695,solitaire.patience.card.games.klondike.free
22,jp.ne.ibis.ibispaintx.app
845,com.gameLauncher.miniArcade.free
650,com.narvii.amino.master
805,com.StudioWheel.Bard
567,com.google.android.apps.wallpaper
689,org.mozilla.firefox
567,com.google.android.apps.wallpaper
610,com.google.android.apps.docs.editors.slides
435,com.voice.gps.driving.directions.gps.navigation.maps.location
1669,com.modanisa
567,com.google.android.apps.wallpaper
1150,com.cometdocs.pdftoword
681,com.google.android.apps.subscriptions.red
691,com.google.android.apps.googleassistant
651,org.buffer.android
1029,com.gameloft.android.ANMP.GloftA8HM
794,ninja.creed.sniper.real3d.action.free.android
1026,com.smokoko.race
1004,com.king.candycrushsaga
1383,com.miniclip.carrom
681,com.google.android.apps.subscriptions.red
691,com.google.android.apps.googleassistant
241,com.plexapp.android
1765,com.dramafever.shudder
1164,de.mobile.android.app
1632,com.autoscout24
681,com.google.android.apps.subscriptions.red
1353,com.miui.weather2
377,com.desarrollodroide.repos
954,air.ru.vigr.heroes
286,riatech.cocktails.drinks
1181,com.trove
567,com.google.android.apps.wallpaper
1301,com.b_lam.resplash
286,riatech.cocktails.drinks
1867,healthy.smoothie.recipes
1499,com.riatech.cocktailRecipesNew
1868,com.cookware.juicerecipes
1378,com.xdg.and.wll
1428,com.kongregate.mobile.bitheroes.google
240,com.gaiamtv
1119,com.bytro.callofwar1942
519,com.cnn.mobile.android.phone
1754,com.wb.goog.dcuniverse
681,com.google.android.apps.subscriptions.red
756,com.accuweather.android
567,com.google.android.apps.wallpaper
685,com.google.android.calculator
567,com.google.android.apps.wallpaper
766,com.GREMORYGames.ActionTaimanin
376,com.vgm.mylibrary
1109,com.european.war.conqueror.napoleon
567,com.google.android.apps.wallpaper
723,com.hopper.mountainview.play
567,com.google.android.apps.wallpaper
685,com.google.android.calculator
1047,de.mobilebits.soulcraftdefault
1479,com.viewer.comicscreen
238,com.netflix.ninja
1175,com.happyconz.blackbox
1412,puzzle.blockpuzzle.cube.relax
1562,com.dxm.nopuzzle
1248,com.xiaomi.wearable
1301,com.b_lam.resplash
1497,com.yummly.android
1549,com.weather.Weather
371,com.decor.life
1003,com.easybrain.art.puzzle
237,com.iqiyi.i18n
1647,com.tencent.qqlivei18n
753,com.rz.night.player
1665,music.mp3.audioplayer
796,com.noodlecake.altosadventure
1045,com.albiononline
1130,com.timleg.quiz
1739,com.starryai
683,com.dropbox.android
1503,com.sillens.shapeupclub
23,ktech.sketchar
1587,com.prequel.app
1412,puzzle.blockpuzzle.cube.relax
1462,com.littleengine.wordpal
1764,com.amcplus.amcfullepisodes
1855,com.hellofresh.androidapp
753,com.rz.night.player
1909,com.brouken.player
436,com.gps.route.finder.mobile.location.tracker.maps.navigation
441,com.gpsnavigation.maps.gpsroutefinder.routemap
1049,com.lockwoodpublishing.avakinlife
1619,com.haegin.playtogether
371,com.decor.life
1587,com.prequel.app
25,com.ambientdesign.artrage.playstore
1159,com.bytestorm.artflow
123,com.google.android.apps.adwords
124,com.cashbooknew
371,com.decor.life
1816,com.yodo1.crossyroad
1672,com.ictar.arsports
1960,com.sports.live.cricket.tv
796,com.noodlecake.altosadventure
860,com.direwolfdigital.root
1248,com.xiaomi.wearable
1519,com.world.newspapers
516,com.newspaperdirect.pressreader.android.hc
1343,kr.aboy.tools2
237,com.iqiyi.i18n
1139,cn.wps.moffice_eng
123,com.google.android.apps.adwords
132,com.shopify.mobile
1050,com.bethsoft.blade
1765,com.dramafever.shudder
237,com.iqiyi.i18n
1647,com.tencent.qqlivei18n
910,com.homecookedgames.dungeontales
1377,com.GalacticSlice.OneBitAdventure
569,bitpit.launcher
1997,fr.vinted
371,com.decor.life
2090,com.boombitgames.DrivingSchoolParking
569,bitpit.launcher
1847,com.vodafone.mCare
436,com.gps.route.finder.mobile.location.tracker.maps.navigation
507,com.google.android.apps.magazines
290,hu.distinction.cflow
291,com.mybarapp.free
161,org.thoughtcrime.securesms
186,com.loudtalks
161,org.thoughtcrime.securesms
1557,com.maxbet.wondercashcasino
1307,com.flickr.android
1483,com.lavendrapp.lavendr
1130,com.timleg.quiz
2057,net.sarasarasa.lifeup
796,com.noodlecake.altosadventure
1736,com.playvalve.wsjourney
753,com.rz.night.player
1289,com.hiby.music
1497,com.yummly.android
2098,com.supercook.app
237,com.iqiyi.i18n
1482,de.yalwa.hashtagdating
796,com.noodlecake.altosadventure
1626,com.samsung.android.sdrawing
1307,com.flickr.android
1904,com.deviantart.android.damobile
290,hu.distinction.cflow
599,com.adobe.adobephotoshopfix
161,org.thoughtcrime.securesms
213,net.lovoo.android
910,com.homecookedgames.dungeontales
1390,it.sharklab.rogueadventure
683,com.dropbox.android
1329,com.stt.android
874,com.boardworld
1378,com.xdg.and.wll
1497,com.yummly.android
1767,com.dd.doordash
753,com.rz.night.player
1523,com.sparkistic.photowear
161,org.thoughtcrime.securesms
1883,com.musicplayer.music
683,com.dropbox.android
1456,com.microsoft.office.excel
161,org.thoughtcrime.securesms
1277,com.alk.copilot.mapviewer
1310,com.microsoft.todos
1634,com.copart.membermobile
512,com.opera.app.news
908,com.bbumgames.rummystars
512,com.opera.app.news
1959,com.nis.app
34,com.autolauncher.motorcar.free
2013,ecg.move.au
367,com.belkatechnologies.hh
1580,decoration.smartfunapps.com.deco
802,games.dali.adventure.reborn
807,games.dali.adventure.neighborhood.unholy
34,com.autolauncher.motorcar.free
1631,spinninghead.carhome
231,com.entertainmentbook.aus
467,au.com.hotdoc.android.hotdoc
367,com.belkatechnologies.hh
1580,decoration.smartfunapps.com.deco
508,com.zinio.mobile.android.reader
508,com.zinio.mobile.android.reader
1628,com.vehicle.rto.vahan.status.information.register
2081,com.bsbportal.music
1372,bartmamzer.powerlust.actionrpg.roguelike
1732,com.pearlabyss.blackdesertm.gl
1125,smartowlapps.com.quiz360
1386,com.tinytouchtales.cardcrawl
441,com.gpsnavigation.maps.gpsroutefinder.routemap
1511,com.appsmi.mapsandnavigation.gps.locationfind.directions
34,com.autolauncher.motorcar.free
548,com.drillyapps.babydaybook
577,com.adobe.lrmobile
578,com.niksoftware.snapseed
441,com.gpsnavigation.maps.gpsroutefinder.routemap
1908,com.rocks.music.videoplayer
34,com.autolauncher.motorcar.free
495,mymusic.offlinemusicplayer.mp3player.playmusic
1242,com.lge.lifetracker
1993,com.qqlabs.minimalistlauncher
507,com.google.android.apps.magazines
1301,com.b_lam.resplash
915,com.huge.slots.casino.vegas.android.avidly
918,com.tw.tycoon.casino
995,jigsaw.puzzle.free.games
1003,com.easybrain.art.puzzle
1487,com.hbo.hbonow
1850,com.globo.globotv
507,com.google.android.apps.magazines
685,com.google.android.calculator
507,com.google.android.apps.magazines
686,com.google.android.apps.searchlite
1417,com.playrix.puzzlebreakers
1426,com.aldagames.polygonfantasy
366,com.storm8.propertybrothers
1459,com.zynga.wwf2.free
802,games.dali.adventure.reborn
807,games.dali.adventure.neighborhood.unholy
577,com.adobe.lrmobile
730,com.lemon.lvoverseas
507,com.google.android.apps.magazines
691,com.google.android.apps.googleassistant
166,com.whatsapp
646,com.zhiliaoapp.musically
1372,bartmamzer.powerlust.actionrpg.roguelike
1427,com.GearStudio.AlmoraDarkosen
748,com.mine.videoplayer
1350,videoplayer.video.player.media
996,com.blackout.word
1144,com.bitmango.go.wordcookies
